Motif,Count_With_Motif,Count_Without_Motif,Mean_Value_With_Motif,Mean_Value_Without_Motif,Pvalue,ratio
CCGCG,321,9909,1.3491411902713373,0.8750131537039475,2.5819882600965233e-15,1.5418524676576537
CGCGG,271,9959,1.3520018883693468,0.8773157094468745,9.792675311211736e-13,1.5410665440172613
AGGTA,1678,8552,1.2094201157198103,0.8271951248774175,7.63864948008022e-10,1.4620735535633567
CGCGC,234,9996,1.2811470098592044,0.880731418749746,4.656910608010216e-09,1.454639839779843
CGGCG,268,9962,1.2679472206916107,0.8797199163806629,7.1887881366277e-12,1.4413078493302613
CGGGC,763,9467,1.2413812082449585,0.8615618253130466,6.322663490510131e-08,1.44084982850059
ACCGG,359,9871,1.2597229555466782,0.876439987953425,2.743408011801451e-12,1.4373179828184897
GCGGC,457,9773,1.2416995022033748,0.8734393727230712,2.447485990986342e-16,1.4216207111573187
CCGGA,474,9756,1.2316603978938565,0.8732854277908803,1.7129767138977617e-14,1.4103755298076426
TCCGA,415,9815,1.2306004717407675,0.8754845100720425,0.0026071881997320975,1.4056222098544073
GTAAG,1655,8575,1.1685226734267227,0.8361136603624829,1.5284323805490493e-09,1.3975643848709869
TCCGG,508,9722,1.2158442734023247,0.8728585446658235,6.613771257889128e-15,1.39294537566544
ATCCG,335,9895,1.2232722505189106,0.8786036845079009,0.025777675954437907,1.3922912822793998
CGCGA,212,10018,1.2252274143829738,0.8827941156199167,2.1744004783238214e-07,1.3878971242605
CGACC,400,9830,1.2146988291134904,0.8766734619007243,1.3821819244454196e-06,1.3855772780892557
CCGGC,707,9523,1.2009629526277326,0.8667960574001585,4.488859400503148e-19,1.3855196298767947
CCTCG,907,9323,1.1862202911643431,0.8610616601998774,5.324598587481242e-08,1.3776252572771466
CCGAC,436,9794,1.2056779100877568,0.8758325600705793,7.324803505799248e-12,1.3766077730549282
CGGCC,723,9507,1.1908563678251172,0.8670022623532088,3.138030520842203e-19,1.3735331723274942
GACCG,374,9856,1.2054697478562277,0.8779153791022004,1.971234851479019e-10,1.3731047166402308
TCGGG,560,9670,1.1967120453574809,0.8721221216886584,0.0003280661950315709,1.3721840274391053
GCGCG,199,10031,1.2093990913666488,0.883551913363329,5.5527824053560605e-06,1.368792340410367
CGCCC,903,9327,1.1749378375863826,0.8622934271243715,1.6137767133282066e-21,1.3625731109938257
CGAGG,788,9442,1.1762901734981184,0.8659884564089174,2.0993052487306484e-06,1.358320846880524
CGGAG,696,9534,1.1756199509669358,0.8690316945937202,1.0017167975601858e-13,1.3527929513739407
CTTCG,628,9602,1.1757859462712197,0.8711920524756499,0.0001634379367262407,1.3496288710738478
CGTCC,603,9627,1.1741377691218604,0.8720862768618505,1.0313441124272619e-05,1.3463550571474692
GGGCC,1937,8293,1.122618749981486,0.8355320322459154,4.39470346901397e-23,1.3435975003422425
CAGGT,2524,7706,1.1016318398757468,0.8205373602755166,2.4766440392386968e-15,1.3425736513762705
GCGGG,677,9553,1.166428025933104,0.870292880621041,1.6358208073645978e-14,1.3402706742823645
AGCGG,519,9711,1.1711732343569836,0.874857455823112,4.368565625941806e-11,1.3387017811434
ACGCG,215,10015,1.1820241538731824,0.8836190183771125,3.845663643397034e-06,1.3377079140330543
CCGAG,826,9404,1.1565055972938336,0.8664723563127189,3.546037310187688e-06,1.3347287872118088
GTCCG,380,9850,1.1719923427965886,0.8790073677022144,1.1669455795710394e-09,1.3333134463483018
TCGCG,141,10089,1.1810478357796514,0.8858213814336986,4.917363352449363e-05,1.3332798920117845
TCGGA,498,9732,1.167313822530507,0.8756943463326472,2.5566111183504036e-05,1.3330151409782922
GCGGA,486,9744,1.1671686438968516,0.876060724671146,1.9624409148804618e-09,1.3322919416744554
GGCCC,2049,8181,1.1110944557837725,0.8344880970820886,6.077041337203414e-28,1.3314683093370403
CGGGG,807,9423,1.1530210868970119,0.8673555815561528,8.413350383493645e-17,1.3293522419355817
GTCGG,364,9866,1.1656827833921968,0.8797152978891908,1.9452875846093293e-05,1.3250682194445895
GAGCG,528,9702,1.1579967788453642,0.8752996663470588,1.3296751422180524e-11,1.322971804248598
CGCCG,371,9859,1.1624309645216455,0.879634625650876,1.0122853925274832e-08,1.3214929592630775
GGCCG,739,9491,1.148953368044102,0.8697190099193894,1.6447651881773347e-16,1.3210627282374725
GTGCG,506,9724,1.154079234193683,0.876143106707889,0.00011535946168765273,1.3172268609521338
CTCCG,820,9410,1.1414636262649365,0.867968064675055,1.6869954521396174e-14,1.315098645584698
TGCGG,527,9703,1.1510025917309443,0.8757086773459042,1.052084450506187e-05,1.314367005268693
GCCGC,697,9533,1.1449486587589917,0.8712420483556592,5.521869735351796e-14,1.3141567959442653
CCCGC,1017,9213,1.1294104557942646,0.8634504752617767,1.0141904468226861e-15,1.3080199596298276
CCGCC,1031,9199,1.1285513304258254,0.8631419980933243,1.2641844216378243e-16,1.3074920846382043
CGGCA,550,9680,1.1427852925341548,0.8755214619045176,5.385377487509129e-11,1.305262454729847
CCCGG,995,9235,1.1259873793728894,0.8644528662321052,9.70445704979695e-18,1.3025434044550468
TCGGC,650,9580,1.1365310514114686,0.8731559998655596,3.0704228061917605e-10,1.3016357347214713
GGGCT,2367,7863,1.0825608324224383,0.831890903190335,3.556546509445233e-15,1.3013254842320958
GCGAC,300,9930,1.1454046588810258,0.8821710236118033,0.0022923921643494966,1.2983929739513385
TTCGG,503,9727,1.1383111203714775,0.8770442241783348,0.009415231646754382,1.2978947799786407
CCGGG,899,9331,1.1246728892680269,0.8672702534216654,1.8315394394254098e-15,1.2967963386623993
CGGGA,612,9618,1.1332054222195704,0.8744081871211415,1.5190144602536056e-11,1.2959684491867354
GCCCG,809,9421,1.1267278371943077,0.8695527907694853,3.253296129552842e-13,1.295755529916985
GCTCC,2118,8112,1.0861833010597854,0.838639476144587,2.4282679600143334e-19,1.2951731130678616
GGGGC,2052,8178,1.087367003487505,0.8403402507915329,2.2264035182022728e-14,1.29396039576028
CCAGG,3206,7024,1.0540852173426207,0.8149462493350048,3.3916065402940083e-16,1.2934413996048857
CTCGC,664,9566,1.1267115648368833,0.8734521412374897,4.6492079685541165e-12,1.2899522614262307
GGAGC,2000,8230,1.0841664050734159,0.842678839852088,5.959783527170961e-17,1.2865712935947402
GAGGG,2597,7633,1.066171082323334,0.8299139737109679,2.056295577519628e-18,1.2846766244408927
CGGAA,527,9703,1.125039943985404,0.8771187892042882,0.00011815353553212339,1.2826540234145787
GCCCC,2289,7941,1.0731042657038425,0.8370789570499209,1.3658973108375887e-21,1.2819630175458416
GGCGC,583,9647,1.1223142647680757,0.8758443501368018,1.1312674291788865e-10,1.2814083513729086
CGCTC,604,9626,1.1214410250043394,0.8753614463979736,3.22301922967974e-08,1.2811176795813422
CGCGT,173,10057,1.1334894920574519,0.8857001073882448,0.00020318712138275684,1.2797666869431563
CGACT,425,9805,1.12453565526423,0.8797197357105779,5.821131785557262e-05,1.278288538514947
AGCCG,708,9522,1.1146818174252762,0.8731763217173304,3.650646514601428e-11,1.2765827355842194
CCCTC,2922,7308,1.052615317752198,0.8248272719837978,2.991229886751636e-15,1.2761645419659144
TGGGG,3261,6969,1.0431327619289217,0.818183918134496,1.2386885482309747e-12,1.2749367700936012
GCGCC,641,9589,1.1139673098018588,0.8749115253463892,1.9780581651683987e-10,1.2732342385829518
GGACC,1538,8692,1.087585526943653,0.8549094709721787,2.279945769938972e-07,1.2721645552796153
TTCGC,375,9855,1.1201214607413785,0.8811297934400303,4.28758861322474e-06,1.271233215674501
CGGCT,687,9543,1.1100574074818685,0.8740406814617493,9.283060329900874e-09,1.2700294517474906
GTGAG,2464,7766,1.0610812114090449,0.83557501380603,8.675944399078043e-15,1.2698814515477646
CAGGG,2769,7461,1.0518736089684637,0.8297737084701567,3.145750120395902e-12,1.2676632173701787
CGACG,150,10080,1.1207696889485599,0.886454782617781,0.000866563921910161,1.2643280976372262
GGCGG,678,9552,1.1052712593785603,0.8746027793415883,4.082367390747742e-11,1.2637408495438605
GGGGG,1711,8519,1.0761539476359303,0.8524803683207465,2.602056803882259e-11,1.2623797422523477
TCCCG,932,9298,1.0966385300984816,0.8691667618926362,9.65380412640758e-13,1.261712456319106
GCAGG,2727,7503,1.0490888430980807,0.832029106624157,2.41267924401723e-13,1.260879979733658
ATCGG,302,9928,1.113144738461106,0.8830993101444665,0.017947222335686432,1.260497800954013
GCCGG,715,9515,1.1010381011709252,0.8740239011867897,4.3128786408241906e-11,1.2597345446456156
CCGCT,742,9488,1.0987990714212463,0.8735529881044426,2.8307390620193317e-08,1.2578505097962909
CCTCC,3361,6869,1.0311654457306603,0.8207646817628136,2.821923311367122e-17,1.2563472437872867
CCCCG,1189,9041,1.0850467254632037,0.8642250973956164,1.4283354634707004e-14,1.2555140191288634
GGCCT,2347,7883,1.0547134856560638,0.8408178499676183,4.954389087102366e-16,1.2543899795855702
GGTGA,2425,7805,1.0519679919273686,0.8395332840109734,3.0830586977757325e-10,1.2530390539151257
GGGAC,1698,8532,1.0653401963059947,0.8549732781061811,1.879341436569962e-07,1.2460508691754548
AGGTG,2753,7477,1.0389823688502586,0.8349954795619572,1.329633316749614e-10,1.2442969983446066
GGGAG,3008,7222,1.0308432793145679,0.8311829241139983,3.684930610955904e-12,1.2402122919132368
CGGGT,533,9697,1.0896465848278696,0.8789108004966755,1.0961486318291111e-07,1.2397692510003366
GGAGG,2959,7271,1.031671916600013,0.8321912337931615,3.5249235970697693e-15,1.2397053401988032
GCCGA,533,9697,1.0859645324257026,0.879113186175788,5.406922841634453e-07,1.2352954653651986
GCCTG,3024,7206,1.027250935627094,0.8322471319446549,8.076499515028107e-13,1.2343099738016363
CCCGA,711,9519,1.0798793265888404,0.8756997017464914,5.736897568859751e-09,1.233161692798495
CCGTG,843,9387,1.076528826470208,0.8731294195605764,7.364738420511922e-07,1.2329544765677432
CACCG,711,9519,1.0781913039620115,0.8758257847476127,5.302818327739903e-08,1.2310568183062964
GAGAG,2511,7719,1.0361483310665065,0.8423126315353695,2.8569001131333494e-10,1.2301232253608887
GTGGG,2603,7627,1.0341193741695371,0.8406669635723366,2.0999583899742895e-09,1.2301177743147444
CCGTC,649,9581,1.0779313837081874,0.8771529270538463,1.0696507155775314e-08,1.228897892786734
GCCGT,541,9689,1.0803078510963842,0.8792582428203501,9.692828887685888e-07,1.2286582012937834
TGGGC,2441,7789,1.0367809598760227,0.8438563793904409,5.4656879397567255e-12,1.2286225300861513
CCAGC,3278,6952,1.0185013797972189,0.8292480062074558,2.3076932715309925e-15,1.2282228864864067
CTGCC,3137,7093,1.0213252067026364,0.8317612418868385,1.4901681909205597e-12,1.2279067059986766
ACGGG,555,9675,1.079183870690458,0.8790317947179651,2.272918775576714e-07,1.2276960596592654
TCCGT,614,9616,1.0777470254450745,0.8778954854935773,4.076190565921763e-05,1.2276484425012564
CTCGG,964,9266,1.0689941751803689,0.8712572066971337,7.833057000554086e-11,1.226955905745492
CCTGG,3535,6695,1.012025482589334,0.8254024766506677,1.2756846758588228e-12,1.2260994014652686
CCGGT,476,9754,1.0775391338517206,0.8807331386524602,6.579323279344841e-07,1.2234570116214518
GCGCA,448,9782,1.0778149805740223,0.8812838428575296,1.0718237495401374e-05,1.223005492849214
GGGTC,1572,8658,1.052150300689696,0.8604295899105237,1.2721221431976113e-10,1.2228197554190452
ACGGC,430,9800,1.0778575993364155,0.8816429484096792,1.5215932026581414e-05,1.2225556857009645
GAGGT,2134,8096,1.0391553832957439,0.8505462048142785,7.388950026675722e-07,1.2217506555362847
CCCTG,3290,6940,1.0143213974475065,0.8309023435918184,5.66515014839572e-15,1.2207468245459576
GACCC,1539,8691,1.0508985138238778,0.8613792255614506,5.951636560023282e-12,1.2200184107515453
GGGGA,2527,7703,1.0286426818697318,0.8443722711988451,6.481839662041189e-08,1.2182336120645678
TCCTC,3097,7133,1.0161415588291398,0.8350748989815884,1.3156401524923376e-10,1.2168268499847983
CGGAC,409,9821,1.0731835145721809,0.8822571636971279,1.8342772682664574e-05,1.2164066881304423
CTGGG,3670,6560,1.004336304086397,0.8258636320323839,7.3036178043087e-12,1.2161042878408463
GGCTC,2105,8125,1.0354883682521854,0.8521694334718358,1.7076531193634475e-11,1.2151202889705714
CGGTG,607,9623,1.0662593540236776,0.8787654820988408,1.1362240406483292e-06,1.2133605333211621
TGGAG,3227,7003,1.0114857620455036,0.8338590758258855,1.225372408774463e-09,1.2130176325582231
GCCTC,2675,7555,1.0224140972042202,0.8429678295312015,9.713970328976396e-13,1.2128743961353945
GGGCG,693,9537,1.0637265274137981,0.8772588003178937,7.357569640647891e-08,1.212557260215952
GCTCG,572,9658,1.0657215343796405,0.879476801042075,5.78369225782894e-07,1.2117676476706238
CCCCC,2044,8186,1.0334941708042562,0.8540334201081867,6.125019464969928e-13,1.2101331709868401
GACTC,1692,8538,1.0400752003556166,0.8601279483635291,1.4525602461202887e-07,1.2092098650374672
CCCAG,3764,6466,0.9980679931307637,0.8269179919556636,8.906577590212337e-13,1.206973367177959
TCCAG,3238,6992,1.0078498999553873,0.8352633990380394,6.230932742114707e-09,1.2066252407517357
CACCC,2357,7873,1.0247685071421484,0.849511023853102,2.267627858714405e-09,1.2063039541195548
GGTCG,343,9887,1.0637406530822544,0.8838592715810968,0.000334489961324873,1.2035181247568696
CAGCG,807,9423,1.053840021731807,0.8758495982799478,1.0262866080658986e-07,1.2032203060906903
AGGGC,2194,8036,1.0258011287118414,0.8527839703503902,1.7349159609110382e-10,1.202885096785253
CTCCC,3415,6815,1.0022559467485717,0.8335840944949587,2.442570894064958e-12,1.2023453342830464
GGACG,525,9705,1.0586205690456116,0.8807628916414807,7.92108115294899e-06,1.2019359342815374
AGCGC,523,9707,1.058165618596564,0.8808240489959321,1.2902105925458852e-05,1.2013359760133557
GCCCT,2536,7694,1.0180728889569637,0.8476406051123805,1.9906014525528127e-12,1.2010666818185134
CTGGC,2598,7632,1.0162627885900353,0.8468722402217774,6.426752924790794e-12,1.2000190115145328
CGCTG,997,9233,1.0473410872337285,0.8728886167180211,4.547048848268844e-09,1.1998565076626069
CCTTC,2986,7244,1.0087452827450372,0.8408981567991214,6.102313319712855e-12,1.1996045830149347
CCACC,2693,7537,1.0141699319962876,0.8454849456366609,5.5899088383949485e-12,1.1995127024202716
CGTGG,878,9352,1.049408634260831,0.8749143371737068,1.467302568413218e-07,1.1994415792188349
AGGGG,2388,7842,1.0195549729043407,0.8504058131642374,4.813014300736723e-10,1.1989040492452936
TGGCC,2703,7527,1.0133342743793923,0.8455609297837143,5.817895664549647e-12,1.198416623434331
GCGGT,383,9847,1.0585608201752128,0.8833300363564953,0.022781242883086885,1.198375212668527
GGTAA,1505,8725,1.0356032885626347,0.8647560702398569,0.0001811045276932841,1.1975669488800351
GGGTG,2342,7888,1.0191167763266376,0.8515223341750165,2.291553936652959e-08,1.196817435580233
CTGCG,683,9547,1.0504073236667366,0.8784069823049268,3.972551670743303e-06,1.1958093968134036
TCGCC,652,9578,1.0492703871568259,0.8790410701298044,1.1320357180457287e-06,1.1936534285046367
GCGAG,532,9698,1.0515510273928155,0.8810223257946523,1.7812009561733096e-06,1.1935577528575703
CTCTG,3790,6440,0.9910058580835448,0.8303831459616275,8.251788842454046e-08,1.1934320474868354
GGGCA,2351,7879,1.0168150414436872,0.8520177052538911,8.001880192269955e-08,1.1934200840822766
CACGG,671,9559,1.0486888669492744,0.8787435330480755,7.412998990605803e-07,1.193395828828138
TCGCT,621,9609,1.0491451311995166,0.879598349011824,1.4195902587580089e-05,1.1927547753792038
GGCAG,2859,7371,1.0066686661767221,0.8445955698725094,4.691105513046181e-11,1.1918943244382367
CGCCA,665,9565,1.0471640653860905,0.8789561483165463,1.5103814480590588e-06,1.191372365267267
GACGC,453,9777,1.0509278923651473,0.8824291016557333,7.992828505886734e-05,1.1909488143503582
AGGGT,2214,8016,1.0172103006618534,0.8547250569441334,9.607786416431271e-06,1.1901023520927858
GCTGC,2674,7556,1.008380075433163,0.8479580916385968,8.456335289601619e-11,1.1891862173100636
CCGTT,639,9591,1.0458274568530095,0.87950119040772,2.083202823381435e-05,1.1891143164549713
CGGAT,335,9895,1.0515030335569442,0.8844190142382962,0.0017054492096600935,1.1889195241494765
CTCCT,3389,6841,0.9955937220518774,0.8375255866241343,2.2627650750749563e-09,1.188732306155419
GGTGC,1724,8506,1.0233168374634933,0.8628475704611396,3.356810307960934e-05,1.1859763792538613
GGTCC,1421,8809,1.0285688149963808,0.8675199654920716,1.7411273823095462e-07,1.185642816200731
GGGGT,2130,8100,1.0156989135295684,0.8568075279396957,1.592397520134031e-08,1.1854458328254276
TCGAC,311,9919,1.048672757367757,0.8849120309091787,0.008386443992523274,1.1850587637398564
GAGGC,2395,7835,1.0103348484612114,0.8530730950944371,2.7865143495258682e-11,1.1843473370231716
GCGCT,545,9685,1.0435131918428364,0.881245738004664,2.7435985697154745e-05,1.1841341714804567
AGGGA,2951,7279,0.9998061988942641,0.8453292442907738,1.9921593346803994e-06,1.1827417608544888
GCCCA,2569,7661,1.0060929757055108,0.8509237446210755,9.283301423038104e-11,1.1823538619827019
CGCTT,556,9674,1.0410837974530724,0.8812008549457935,0.0006079301904786884,1.1814375707989004
CCTGC,3089,7141,0.996433215016203,0.8438030333208885,8.687111851220393e-11,1.1808836608403979
GGCTG,3092,7138,0.9962426893164031,0.8438214159096663,1.0587800251039996e-08,1.180632146249123
GAAGG,2765,7465,1.0016474890267624,0.8484962297348315,2.2687167992154394e-08,1.1804972773300277
CGCCT,1022,9208,1.0316601042779894,0.8741554122021515,2.6161200412842284e-07,1.1801792791959678
AGCCC,2444,7786,1.006767065691618,0.8532033076777809,2.9712357001772016e-10,1.1799849539165543
CGTTC,527,9703,1.0402175609294815,0.8817257556961433,9.335550908675546e-05,1.1797518153569249
GAACG,460,9770,1.0402883432038403,0.8828093167099027,0.06869282745340828,1.1783839652721815
TCCGC,650,9580,1.036845081182435,0.8799196617286987,5.3079954231138114e-05,1.1783406216261143
CCCCT,2817,7413,0.9990509349883308,0.848408630550032,4.303870317003892e-10,1.1775586657347366
AGGCC,2409,7821,1.0054817506314555,0.8542864243521724,1.0748176470669064e-09,1.1769843485385343
TCCCT,3355,6875,0.9898656435536708,0.8411026077101018,1.3351318233201437e-07,1.1768666919825344
TGCGC,492,9738,1.0383402678969504,0.882390249571187,0.0003361778707023025,1.1767358812062465
AAGGT,2377,7853,1.0058582571417576,0.8547885629572849,0.0001223361819906825,1.1767334060505228
GTCCC,2106,8124,1.009958697450725,0.8587649735719213,5.272645284172033e-10,1.1760594907008528
CCCGT,830,9400,1.0315401639825346,0.8773831197897884,3.356359340042963e-06,1.1757009460470136
CAGCC,3273,6957,0.9901291084725745,0.8427320813711053,3.691659478876895e-10,1.1749037806436153
CGCAG,736,9494,1.032504586391044,0.8788346625811784,2.7741741535743522e-05,1.1748564665832932
CCCAC,2527,7703,1.0015452107259397,0.8532617051311263,6.289875888034464e-10,1.173784320453038
ACCCG,567,9663,1.034294568310553,0.8814172246608125,0.00014522802111735264,1.1734449241204368
CAGGC,2788,7442,0.9968685201529036,0.8498132528813788,4.824319163008465e-10,1.1730442150353844
CCCCA,3080,7150,0.9917744846387222,0.8460019929289864,9.852044878099775e-10,1.1723075039162136
CGTCG,138,10092,1.0396700598015782,0.887842369587485,0.04095585783161374,1.1710074844531653
CAAGG,2509,7721,0.9997358769831751,0.8541953564018561,3.571150469889329e-06,1.1703831793167108
CTTCC,3352,6878,0.9857685192536525,0.8431642316939914,8.85111361086926e-09,1.169129906368486
GCTGG,3057,7173,0.9902068193145318,0.847137517842603,1.3899543109382115e-09,1.1688855687046915
CGAGC,531,9699,1.0301225160024472,0.8822130741449856,0.00015012240277599326,1.1676572771275362
GCAGC,2406,7824,0.9995027787557085,0.856183023574039,2.323592412871061e-09,1.1673938296316568
GGAGA,2976,7254,0.9905460355298998,0.8485959002471097,7.069651816735418e-08,1.1672764801732538
GAGCC,2304,7926,1.0003004250857923,0.8577955441246342,6.283681176993111e-08,1.166129192366675
GGACT,2076,8154,1.003795503582867,0.8608903846813201,0.00013168937016066164,1.1659968811876633
TTCCG,613,9617,1.0256600410959253,0.8812363582133423,0.00017256136416960338,1.1638875672077285
GGTGG,2587,7643,0.994283895773933,0.8545554394560186,3.09430007436096e-08,1.163510112821774
TCTCC,3242,6988,0.9843502190536308,0.8460670080076765,3.577158362238868e-07,1.163442386639782
GAGCA,2319,7911,0.9967079286079269,0.8585784320171576,6.488049279912397e-05,1.1608816287945247
AGGAG,3065,7165,0.9854991357273176,0.848991599598784,1.4373800036366876e-07,1.160787852545354
CCTCT,3421,6809,0.9797164045738356,0.8447598534413899,5.541249760850763e-07,1.159757297393642
AGGTC,1781,8449,1.0025557599365549,0.8661413011815021,2.820444468348825e-05,1.1574967716802904
ACCCC,2044,8186,0.9983254619223915,0.8628148568238636,1.2802201698831702e-07,1.1570564113804906
AGAGG,2931,7299,0.9844842198216388,0.8519052491892442,9.362758911185519e-07,1.155626427655622
ACGCT,506,9724,1.020288263802351,0.8831050802802887,0.003931920775630734,1.1553418574814696
CTTGG,3112,7118,0.9816364863631113,0.8497789992367959,5.661434551175772e-06,1.1551667989497731
ACAGG,2511,7719,0.9901937254799171,0.8572617200996817,2.842895443853244e-05,1.1550658360958637
GCGAA,350,9880,1.0222141968888503,0.8852029041719047,0.02845131841481161,1.1547795336766522
CTCTC,2938,7292,0.9838726088437586,0.8520244017205916,1.3036743681347158e-07,1.154746984777561
TGCCG,639,9591,1.0171227308127537,0.8814136416578215,0.0002276557010723959,1.1539675388954516
CTCCA,3201,7029,0.9792514359815,0.8491955919124676,2.9351076050962352e-06,1.1531518125007392
GAGCT,2303,7927,0.9911469292587543,0.860472850264489,1.67658627909009e-07,1.1518631052148816
CTGCT,3597,6633,0.9725235530932689,0.8450795178129095,2.2188964150868373e-06,1.150807151982796
TGCCC,2733,7497,0.9842698496910276,0.8554848823427954,7.305232142352836e-08,1.1505403193047048
GGCGA,465,9765,1.0155481722090234,0.8839067856684403,0.0007005676147664261,1.1489312998553705
GACGG,593,9637,1.0130098250496953,0.8823144999351507,0.00034402245074412354,1.1481278219094786
CAGAG,3406,6824,0.9735832588965706,0.8481176849835577,1.4587342533227684e-05,1.1479341559956333
TGGCG,685,9545,1.0106640429908726,0.8812231317633072,0.00016250046137091786,1.1468877819497965
GGGTT,2209,8021,0.9890019693352302,0.8625949771684319,0.00270019983605766,1.1465426944424646
AGCCT,3094,7136,0.9768971508487617,0.8521664626406176,8.177527773126125e-07,1.1463689240029933
ACGAG,484,9746,1.0130881308725486,0.8837723175443466,0.003196781555075652,1.1463225434436772
CAGGA,3344,6886,0.973293791976131,0.8493879206740247,6.244722376539764e-06,1.1458766581043227
GGATG,2104,8126,0.9899560406440353,0.8639813133909015,0.0018150095789168953,1.1458072359906906
GGAAG,3217,7013,0.9748668067424807,0.8509101874859483,2.673799072481388e-07,1.1456753263499733
GACGA,362,9868,1.0142895134383454,0.8853270022562664,0.010130509989152747,1.1456665286989063
TGGGT,2596,7634,0.9826545733387001,0.8583453484074208,0.00025850141228743104,1.1448242542024878
GGTAG,1548,8682,0.9964951890896377,0.870882873694858,0.006227174744334017,1.1442356018115842
GCTCT,2517,7713,0.9830614202959023,0.8594858119077832,7.849599742858089e-07,1.1437785320898095
TCCTG,3657,6573,0.9679999698397641,0.8464329487943859,7.407815524236324e-07,1.143622742024081
CATCC,2278,7952,0.9861393075066888,0.8623181991485511,9.57616855899816e-05,1.1435909719641753
GATGG,2274,7956,0.9861592276684402,0.8623747584730371,1.1177751608712539e-05,1.1435390681130115
CTGAC,2184,8046,0.9873103954212593,0.8634469001403785,9.031341761383501e-05,1.143452359676945
TCAGG,2860,7370,0.9770154348891563,0.8560808030320934,1.1325709452920875e-05,1.141265440632161
AGCAG,3084,7146,0.9738583110952961,0.8536524812078957,1.857928954888534e-05,1.1408135424351047
TCCCC,2990,7240,0.9748332140826566,0.8548105458594438,4.2062625067759796e-07,1.1404085019827868
GCACG,708,9522,1.004081903568438,0.8813998817898616,0.00028004419536293575,1.1391899684958497
AGAGC,2422,7808,0.9808649081499513,0.8616707037129013,1.721755601128587e-05,1.1383291829737827
CACGC,723,9507,1.0028388316692574,0.8813008506187697,0.000496995486363163,1.137907481837961
GGTAC,912,9318,0.9997865682509437,0.87913439706854,0.030735323111328452,1.1372397344304994
GCTTG,2280,7950,0.9818067294023767,0.8635295998857985,0.0007871455383516968,1.1369693980753182
GAGGA,2697,7533,0.9760384682680143,0.8590473799562832,1.698402901474737e-05,1.1361870032333778
GCAGA,2720,7510,0.9756010573635944,0.8588475081358907,9.609401722398796e-05,1.1359421179216258
ACCGA,428,9802,1.0040080622824707,0.8849075914581329,0.005647634779149378,1.1345908566883085
CTGTC,2948,7282,0.9717073623364646,0.8567682447077202,0.00020869230644364467,1.134154269067191
GCGTC,552,9678,1.0002208529091858,0.8835976184463366,0.0017171287604731043,1.131986813939033
CCACG,833,9397,0.9962764357384003,0.8804598692305448,0.00018193264771445205,1.131540994150103
CCAGA,2892,7338,0.9700001324098764,0.8583182446443383,9.809669936178546e-06,1.130117108033531
GTGGC,2429,7801,0.9754413553445941,0.8632524817327903,2.858912854768073e-06,1.1299606731354066
GGAGT,2206,8024,0.9766625218317485,0.866034663380942,0.006347092167297738,1.1277406819017182
CGCAC,486,9744,0.9961393876574286,0.8845911247668314,0.005435946720084071,1.1261014945407688
GCCAG,2692,7538,0.9694591767929482,0.8614746031046563,6.507417976309606e-06,1.125348528324721
TGAGG,2956,7274,0.9655997617901174,0.859123833692319,1.9758273572557802e-05,1.123935483945532
CGAGA,652,9578,0.9918141341787603,0.8829522704786975,0.0027447248924470724,1.1232930333154278
GGCAC,1813,8417,0.9779566628902058,0.8709212584423872,5.1494988153292046e-05,1.122899060518109
TGCTC,2532,7698,0.9693831739346421,0.8637440199697327,0.00029734400093761517,1.1223037746398652
AAGGG,2656,7574,0.9678949131547127,0.8625364104555849,0.0009881115103985234,1.1221496291889617
GACCA,2004,8226,0.9744900968290476,0.8692805139902874,0.01739213403929202,1.1210306467768536
TGGGA,3481,6749,0.9578800385813145,0.8548228252819619,0.0003825421535451484,1.1205597350133456
AACGG,463,9767,0.9902935727702252,0.885130924330593,0.014034442871159463,1.118810274897089
CAGAC,2179,8051,0.97053092099622,0.8680651826206375,0.0013887737950747394,1.1180392215089707
AGGCG,712,9518,0.9860244449810714,0.8826991234821385,0.001618958884749047,1.1170561052460632
CTGAG,3303,6927,0.9576685759638593,0.8575718717656834,0.0003783486588736451,1.1167210673457415
ACTCC,2245,7985,0.9686672128757511,0.8677422378488986,0.001406920693696762,1.1163075515109668
GATCG,317,9913,0.9897688350987419,0.8866965541615267,0.05057077748867901,1.1162430151030438
TCTGC,2938,7292,0.961202349824912,0.8611584144739337,0.0014909576611148766,1.1161736721949043
CTCGT,608,9622,0.9857438573731843,0.8838336517196653,0.007684132346966862,1.1153047357443715
TCTGG,3055,7175,0.9593621692398239,0.8603105554148927,5.4980776625298656e-05,1.1151347187378895
ACTCG,516,9714,0.9864866051885907,0.8847593755252422,0.017022289497765946,1.1149772836291874
AGCTC,2457,7773,0.9648718841154152,0.8661893017956954,3.319036096090281e-05,1.1139272698417553
GGTTC,1723,8507,0.9724645814702488,0.8731660030864321,0.008909391420308511,1.113722451438581
CCATC,2434,7796,0.9647332802826186,0.8665237118934866,0.0014902532465241708,1.113337427517741
GGGTA,1357,8873,0.9760084586701766,0.8767199575920303,0.0043353191090951745,1.1132499610831819
ACGCC,636,9594,0.9835572342366781,0.8836811821091295,0.0039156362489870455,1.1130227214855577
ACGAC,324,9906,0.9867038650270458,0.8867239662690038,0.1178312321608054,1.1127519978722569
TTCCC,3454,6776,0.9535821214834304,0.8574242937611788,0.0002168457153813266,1.1121473095898011
CTCAG,3425,6805,0.9538218920038591,0.8577133992676411,0.0004029732651312562,1.112051989415439
ACCGC,556,9674,0.9834275380591433,0.8845145700815209,0.016715730156730852,1.1118274037798
GTTCG,378,9852,0.9850407813563467,0.8862397733228601,0.07537309324836618,1.111483382948435
GTCCT,2421,7809,0.9635326439491174,0.8670594354115383,0.00011592156747699927,1.111264815994753
CCCTT,3137,7093,0.9556358275059985,0.8608134881211335,0.00012041991943733,1.110154337372002
AGGAA,3742,6488,0.949558484422407,0.8554765433755962,0.002004545934272194,1.1099760616177459
CAGCT,3435,6795,0.952438012842963,0.8582715361315582,0.00012410683795205323,1.1097164157812298
AGCTG,3342,6888,0.9528864471539017,0.8593253710425635,0.00016322146769128388,1.1088773580580156
CACCT,2739,7491,0.9587977726643833,0.8646953094115299,0.0016863318206606723,1.1088273085659444
TGTGG,3405,6825,0.9520984132509085,0.8588548813201717,0.00209954832801921,1.108567272491261
CCTGA,2943,7287,0.9563260842246197,0.8630591459114122,0.00015444615435778597,1.108065523382775
AAGCC,2341,7889,0.962044730114977,0.8684792684662638,0.002017542004109911,1.1077348245905168
CAGTC,2241,7989,0.9629498025411466,0.8693965646056836,0.00391492241082146,1.1076070940973803
GGTCA,1939,8291,0.9657916186413502,0.8721396349757494,0.0011483425808087584,1.1073818685791121
GGCCA,2541,7689,0.9598263052007066,0.8667786474983118,0.0002842380450997018,1.107348811569076
TCGCA,397,9833,0.9811795034813763,0.8862047594068351,0.03573118499477861,1.1071702031233852
GAAGC,2341,7889,0.9612712342752251,0.8687087974003314,0.0005730733440403418,1.1065517434057224
TGGAC,1976,8254,0.9648189461090898,0.8719526804722504,0.002751712379158268,1.1065037905343016
AGGAC,2051,8179,0.9640148429606193,0.8713027532971372,0.006093678644831661,1.1064062856597732
AGACG,635,9595,0.9770281031945482,0.8841236911517433,0.008755019880156105,1.1050807856101887
GGGAT,2036,8194,0.963122907917162,0.8716940958762723,0.027826389839600885,1.104886350009037
TGCGA,417,9813,0.9789947674281528,0.8861040297678566,0.14368451885918096,1.1048305103460956
AGACC,1947,8283,0.9626614626002356,0.8727849564707059,0.0004719206011134552,1.1029766902639624
ACCCT,2316,7914,0.9589863299025474,0.8696698663223674,0.00032755793296283884,1.102701573365855
ATCGC,357,9873,0.9765662968387055,0.8867563551259088,0.04467563986971943,1.1012791633165626
CTTCT,3821,6409,0.9442951036892615,0.8574548402142064,0.0014687390501104956,1.101276777973941
TGACC,2134,8096,0.9595648478508277,0.8715252318201395,0.008137956541726346,1.1010178624970175
TTGGA,3141,7089,0.9502498862630514,0.863146391504764,0.007028714304441211,1.1009139302620912
GTGCT,2598,7632,0.9543588819811306,0.8679448750972928,0.01283636951792808,1.0995616304251479
TGGTG,2866,7364,0.9515635032595099,0.8658879225675937,0.003991355672033774,1.098945346688593
GGTGT,2262,7968,0.9568832398892197,0.870872210529631,0.010184270851056505,1.0987642369565107
GCACC,1691,8539,0.9617810109607823,0.8756538204233322,0.0006819159605045778,1.0983575798205416
TGTCC,2641,7589,0.9529497309781317,0.86794563481569,0.002881803876844882,1.0979371204286228
ACCGT,496,9734,0.9718228814336719,0.8857155858782015,0.0410567289366886,1.0972177716282294
GACCT,2100,8130,0.9569932967718995,0.8725576554623036,0.0010707395894337262,1.096767979492266
AGGCT,2896,7334,0.9496291433096262,0.8663012903060865,0.0006486171575332537,1.096188074444744
GTGGA,2505,7725,0.9527398557146843,0.8695102036976351,0.002340124764124112,1.0957201556268241
GTTCC,1953,8277,0.9575168947688977,0.8739336917537586,0.02338086716896019,1.0956402113842405
ACCAG,2444,7786,0.9531948379536159,0.8700194551979038,0.0015098306778373988,1.0956017503502749
AACGC,371,9859,0.9709022841852272,0.886841963150096,0.10013594398952233,1.0947861338637448
TCACC,2256,7974,0.9537390848903758,0.8718264718606507,0.025312123742600025,1.0939551799280738
TGACG,600,9630,0.9681608499169473,0.8850138268099011,0.032576696471674,1.0939499707103513
CTGGA,3160,7070,0.9458525689944307,0.8648777290109073,0.0008995640326498402,1.0936257661254938
CGTGC,686,9544,0.9670515437474043,0.8843443318439643,0.010978549611368415,1.093523765489609
GAGTG,2168,8062,0.9529173857214811,0.8729415492291422,0.019334817132021873,1.0916164851621075
TCCAC,2281,7949,0.9518806628970251,0.8721021348674552,0.016459735157812592,1.0914784230423824
TCGTC,460,9770,0.9670632929832379,0.8862569649290916,0.07439878705492925,1.0911770866146158
GTCTC,2493,7737,0.9497582666574191,0.8706000133582229,0.014400717750823662,1.0909237905865103
ACTTC,2309,7921,0.9511851150117283,0.8720228798847918,0.04786659772912795,1.0907799978108317
CCGAA,475,9755,0.9657531877980979,0.8861965041440717,0.04648036420154159,1.0897731860620075
GCCAC,2264,7966,0.95083798503187,0.8725687250837764,0.0017084300706838999,1.0896998227166335
CGAGT,503,9727,0.9649089185819717,0.8860111520595029,0.043783859855878994,1.0890482770324885
ATGGG,2135,8095,0.9514078352162175,0.8736657114197519,0.03875432790040708,1.0889838330385322
CCTTG,3041,7189,0.9435248142904932,0.8672027683783733,0.0018958585984712143,1.0880094583356075
TGAGC,2406,7824,0.9483994709353786,0.8718980745218552,0.012022284298489906,1.0877412149986412
ACGTC,432,9798,0.9643276709652644,0.8866085025793553,0.4016679723815828,1.0876589477315022
GATCC,1401,8829,0.9556507824545251,0.8794555347050319,0.009425003960876744,1.0866391133407887
TCAGC,2701,7529,0.9451349149081723,0.870071756802038,0.010932496318773462,1.086272376409539
AGTCG,474,9756,0.9619019854579843,0.8863917713225125,0.15690424150353552,1.085188306771857
GACGT,518,9712,0.9611268487058081,0.8860910167318685,0.06940888983820737,1.084681856104005
GTGCC,2109,8121,0.9482559743576305,0.8747331378166818,0.0046499043474936596,1.0840517334514848
CCTAG,1755,8475,0.950178945540918,0.8774059720006141,0.06779848833336176,1.082941051078523
ACGCA,461,9769,0.9600094535212969,0.8865815645466474,0.09644449513780823,1.0828213577982493
CATCG,518,9712,0.9592570831413831,0.886190742695869,0.039180742978152196,1.0824499026284569
GGCTT,2444,7786,0.9444661939007942,0.8727593480909293,0.004434176513232441,1.0821610744894528
TCCCA,3637,6593,0.9356574930083619,0.8646433126130902,0.003255258256935114,1.0821311856106948
GCTTC,2529,7701,0.9423347874195102,0.8726678333652221,0.018392506772268623,1.0798321553638972
TGCCT,3496,6734,0.9345866407234764,0.8666861844609804,0.011234632468526528,1.0783449159337015
GCGTG,756,9474,0.9531174156117462,0.8848451441763812,0.029739773292876786,1.0771573103889418
TCTCT,3782,6448,0.9319496676016613,0.8652211568331316,0.015581991681093978,1.077123068757089
GCTGT,3090,7140,0.9366578966018241,0.8696508069509635,0.01663415802800743,1.0770505691655603
AGCGA,529,9701,0.954582685834427,0.8863627895395427,0.13225951054277246,1.0769661103782615
GGCGT,623,9607,0.9519085602448646,0.8858687029350438,0.06231016636518351,1.0745481323485284
GAGTC,1617,8613,0.9450118370757997,0.879542031995582,0.05154467140709151,1.074436243747981
CTCTT,3687,6543,0.9311483493548324,0.866641555564458,0.009684778734576516,1.07443307256177
GACAG,2468,7762,0.9390023214413871,0.8742749204859793,0.007767393327206712,1.0740355229673384
AGGCA,2916,7314,0.9355389721627292,0.8716910061940111,0.013303600636303516,1.0732460992657156
CCTGT,3355,6875,0.9326477104347752,0.869024959072123,0.015065803570693316,1.0732116502506253
CAGCA,3212,7018,0.9334341753248775,0.8699613979746381,0.01758506935791329,1.0729604526108982
CCTCA,3029,7201,0.9346161384816299,0.8710772640839689,0.009884794333636891,1.0729428685806408
GTCCA,1830,8400,0.9424728997571277,0.8784350304254729,0.1018417928216442,1.0728999494710927
TGCAG,3464,6766,0.9316244790843823,0.8685238644075105,0.017387490653097942,1.0726527125652647
AGCGT,642,9588,0.950039165938309,0.8858630076759618,0.06574171293872742,1.0724447885353194
CACGA,580,9650,0.9493120094829777,0.8863190359201439,0.20332402252029216,1.0710725720760772
ATGCG,449,9781,0.9489811171333313,0.887177910288994,0.1836194202317895,1.069662698008571
TCGAG,658,9572,0.9475913712438778,0.8859240012380949,0.08535990568987532,1.0696079685386124
AGTCC,1944,8286,0.938760346683776,0.8784249997799006,0.01997331633600547,1.0686858262446914
ACCTC,2319,7911,0.9361287853027831,0.8763363682230264,0.013024803734112102,1.068229984795678
CCGCA,648,9582,0.94532121640162,0.8861418820602449,0.08482820913967637,1.066783136582807
TCTTC,3507,6723,0.9277452804683386,0.8701438291725498,0.021723511312813797,1.0661976208583401
GCCTT,2814,7416,0.9317163153652139,0.8740196805139974,0.022615457144408806,1.0660129698879162
TTGGG,3085,7145,0.9300630541154133,0.8725451560788616,0.048876202591361224,1.0659196806444171
GGTAT,1488,8742,0.9390952218902378,0.8815152107019952,0.26129638602892913,1.0653193620361794
GTAGG,1418,8812,0.9394821116954817,0.8819103526719613,0.08909824906958992,1.0652807383982883
CTAGG,1497,8733,0.9389563246328088,0.8814796798527657,0.18041314846133333,1.0652047302890106
GACAC,1697,8533,0.937706222630863,0.8803811323479364,0.1316532403698756,1.0651139468766706
CCAAG,2761,7469,0.9310097152301227,0.8746902983504011,0.027308125498527517,1.0643878375991316
GGAAC,1895,8335,0.9355748925918467,0.879503928094537,0.04720307370380802,1.0637529437972932
ACCTG,2803,7427,0.9295075465300452,0.8749387382800321,0.05272167756678927,1.0623687189314366
TCCAT,2775,7455,0.929282648923891,0.8752274059511359,0.14901372364216664,1.0617613692226784
CACTC,2160,8070,0.9326169562870922,0.8784544035377195,0.08812380109010583,1.0616566466412471
CTGTG,3868,6362,0.9230844042448767,0.8697090830729854,0.05443860400960132,1.0613714657127618
AAGGC,2326,7904,0.9312038673253457,0.8777327260539932,0.05496959520444712,1.0609196167399861
GTCAC,1903,8327,0.9335203268023765,0.8799195965203066,0.1075418467014572,1.0609154864763066
CGCAT,352,9878,0.94181757721072,0.8880400764275502,0.2552987879651465,1.0605575156016702
GTACG,291,9939,0.9414943533995126,0.8883795960650225,0.3113643890163136,1.0597883580056948
TAAGT,2356,7874,0.9302375435079527,0.8778181368586206,0.2193936681917959,1.059715565728593
CGGTA,402,9828,0.9404781765632212,0.8878212693478938,0.46039167394184766,1.0593102565046724
AACCG,435,9795,0.9398947820427147,0.8876697735519076,0.2568757822381936,1.0588338254234284
CTCAC,2441,7789,0.928058244015003,0.8779290651545633,0.09263736053956406,1.0570993498792687
CGATA,293,9937,0.9386699713465989,0.8884521848168422,0.7550171334463222,1.0565227790397176
CGTGA,740,9490,0.9361888830418255,0.8862802833170249,0.22849568489711614,1.0563124337348573
CGCTA,253,9977,0.938688373609531,0.888653052381107,0.4545299282165509,1.0563046749171192
GGATC,1213,9017,0.9332554437271665,0.8840568713417393,0.08432538337242446,1.0556509133974132
GTCAG,2387,7843,0.9272604679944424,0.8785170119886245,0.036636991865130454,1.0554837929609142
TTCTC,4118,6112,0.9187258690068606,0.8704624564069476,0.09344837047184991,1.055445714223141
GTCTG,2511,7719,0.9264916010292559,0.8779840979330296,0.11807787994270137,1.055248726270127
GCATC,1688,8542,0.9303082238576815,0.8819034629194274,0.08493510229383734,1.0548866888196768
CGAAG,640,9590,0.9352867208906487,0.8868609135307092,0.16018386895805461,1.0546036099022
ACGGA,517,9713,0.9353404803734915,0.8874712893829322,0.19980300676838975,1.0539388615307694
ATTCG,351,9879,0.9358269234994341,0.8882583674441962,0.32356984266547484,1.0535526123914913
CGTCT,862,9368,0.9331009043507338,0.8859144622736105,0.1415289687346081,1.0532629775069073
CTACC,1386,8844,0.9300516525696281,0.883596570744913,0.17648484416970964,1.0525749910794144
TCTGA,3111,7119,0.9216134585541578,0.8760275590065363,0.15895101426877176,1.052037061025019
GGGAA,2985,7245,0.9213096363366671,0.8769455345292706,0.1158588202848968,1.0505893468414893
AGAAG,3432,6798,0.9189804134782639,0.8752043076010759,0.07724819435643104,1.0500181563287523
CGGTC,338,9892,0.9327649858071032,0.8884255051482729,0.29078242997585785,1.0499079330814916
GCTCA,2375,7855,0.9234602342972514,0.8797404972213296,0.15964204734052675,1.049696174285498
CTTTC,3706,6524,0.9174694270103682,0.8742240903784629,0.1283909753254687,1.0494671070127841
CACAG,3273,6957,0.9193468747720099,0.8760323905420048,0.10978090193975523,1.0494439300391694
TTCGT,662,9568,0.9308502219864546,0.8870565233250922,0.24304380835644684,1.049369682212813
AATCG,419,9811,0.9316644573641425,0.888106437110788,0.5633712773519088,1.0490459458835346
TACGC,263,9967,0.9322144885579757,0.8887736783022743,0.4638939362322809,1.0488772466109502
TAAGG,1824,8406,0.9248767124787266,0.8822988982355839,0.34787997776167057,1.0482578118688457
TGTCT,3492,6738,0.9175575009727818,0.8755519247154291,0.17331259768489582,1.0479761109211259
TCGTT,640,9590,0.9289498347299496,0.8872838131285035,0.24651030891164333,1.0469590687725212
CTCGA,1184,9046,0.9265928414219959,0.8850866391649207,0.37885045509435455,1.0468950726634358
CGTCA,492,9738,0.9287788456248733,0.8879257003575763,0.3003762618689552,1.0460096438821909
CGGTT,520,9710,0.9281113501419909,0.8878436416123255,0.2747090154419386,1.045354504602341
CGATC,594,9636,0.9276008031253165,0.8875658764085802,0.3658959679401299,1.0451064284701124
CCGAT,357,9873,0.9275117307151285,0.8885301300784175,0.4311714096304947,1.0438720076192247
CCCTA,1636,8594,0.9224533614960749,0.8836916409962691,0.21648134901859606,1.0438634006496952
GTCGC,380,9850,0.9273764313329297,0.8884443267231474,0.39596577545324185,1.0438205337563196
ACCCA,2263,7967,0.9196566829622378,0.8814354949900806,0.14130725535087013,1.0433624334275162
TGGCT,3145,7085,0.915866709363396,0.8783597545775068,0.11787876480891857,1.0427011308184653
GACTT,2448,7782,0.9184604866755907,0.880903159952155,0.3154850209070081,1.0426350232702941
CGACA,385,9845,0.9259796171178029,0.8884791782162683,0.406145923066494,1.0422074482114723
CTTGC,2300,7930,0.9182298986168577,0.8816709830152261,0.20564377183475016,1.0414654857718055
CCACT,2537,7693,0.9167804575461005,0.8810227013304379,0.16117004683006667,1.040586645680826
GCTGA,2483,7747,0.9169556736046094,0.8812157899276198,0.17882921250904685,1.040557470809647
CCTAC,1325,8905,0.9207158100307177,0.8853038982413043,0.3265442952414753,1.0399997242300194
ACTGG,2392,7838,0.9164528624792883,0.8817841815615027,0.13985324272327646,1.039316514905487
TGCTG,3766,6464,0.9110004441084454,0.877591582552152,0.17741849610332744,1.0380688035533978
GAGAA,3611,6619,0.9114028583530112,0.8781543950168896,0.21247013375061144,1.0378617513330126
CTGGT,2638,7592,0.913975161578071,0.8815217578881144,0.15409286231776045,1.0368152043889491
GAGAC,2115,8115,0.9155937746998619,0.8831914761108204,0.17978138559905302,1.0366877392564144
ACACC,1731,8499,0.9163922948510559,0.8844928344207952,0.27818994503991257,1.036065255917138
TTCCT,4204,6026,0.9080828450133525,0.877198702571089,0.24455451239800233,1.0352076927972436
GGACA,2117,8113,0.9140335166494982,0.8835906209025672,0.19079111827354114,1.0344536202928842
GCCTA,1294,8936,0.9141968581412314,0.8863707394465938,0.48255033028925665,1.0313933182316135
TCTCA,3277,6953,0.9084862403739331,0.8811261689089799,0.3876954534008026,1.0310512528515987
TGGAT,2420,7810,0.9108112513645924,0.88340799408799,0.4556765488889889,1.031019933552778
CTTCA,3228,7002,0.9080849581805623,0.8815026302660183,0.3805865477016408,1.0301556989189267
AAGGA,3160,7070,0.9081695167431062,0.8817205076692078,0.367775212409309,1.0299970442377655
GGTCT,2031,8199,0.9110457812398403,0.884650040301427,0.3506221641997239,1.0298374947560274
TGAGT,2384,7846,0.9098078274495626,0.8838386185941575,0.39772633881788133,1.0293822970721873
TTCCA,3454,6776,0.9063438089342694,0.8815035634696797,0.3737253589221048,1.028179404478884
GGCAA,2028,8202,0.9097641889264545,0.8849765772965943,0.44164529885158554,1.0280093420162382
TTTCC,4215,6015,0.9041865933807038,0.8798725138869243,0.36892898906357974,1.0276336390897922
ATCCC,2043,8187,0.9089576285787481,0.8851324327523066,0.453996747331172,1.0269170973120456
CCATG,2511,7719,0.9076522737566417,0.8841125537927956,0.49587343306295983,1.0266252524781623
TCGTG,809,9421,0.9116601262124797,0.88802108269012,0.4313019044473898,1.0266199125033708
CGTTG,647,9583,0.9109044581087028,0.88847171843193,0.48913908212868007,1.0252486817659932
AGATG,3263,6967,0.9048933285203177,0.8828638913689852,0.45222535527747354,1.0249522461691951
GATGC,1854,8376,0.907919373539769,0.8858998499984223,0.5293890301805229,1.0248555449483212
CCAAC,1719,8511,0.908128748427708,0.8862068315805764,0.40273462214881717,1.024736795142995
GTTGG,2323,7907,0.9056555907899441,0.8852588497185374,0.5295636832792741,1.0230404260605717
AACCC,1910,8320,0.9060302821579873,0.8861853152893944,0.46366868786131876,1.0223936986160873
GGAAA,3763,6467,0.902250821609396,0.8826982867501715,0.5129518450047559,1.0221508698416206
GCAAG,2005,8225,0.9055759992438337,0.8860668429964291,0.42648067158993896,1.022017702616464
GGATT,2447,7783,0.9044369646290572,0.8853170255277159,0.5733281387741274,1.0215967145666767
CCACA,2818,7412,0.9034996199597713,0.8847163698169024,0.5101107486063415,1.0212308156418042
TGAGA,3364,6866,0.9024247002317437,0.8837493403073011,0.4958687291305065,1.0211319647694999
CGATG,479,9751,0.9068328803295809,0.8890582209467385,0.6377813264661922,1.0199926832282307
GCTAC,1270,8960,0.905226968228453,0.8877166754999308,0.5819095941232046,1.0197250915881027
CTAGA,1360,8870,0.9050393471388498,0.8875677733957926,0.7288266068395901,1.0196847770578823
AGGTT,2401,7829,0.9029305587367674,0.8858913514628353,0.5717857840609737,1.0192339695446806
AGCAC,2229,8001,0.9030354093724686,0.8862284382750011,0.6153776242377754,1.0189646036750766
GAAAG,3217,7013,0.901275088926895,0.8846681450237693,0.5758954369639955,1.0187719474206676
GCCAT,2160,8070,0.9028507942251621,0.8864215547215819,0.5727059216347086,1.0185343411563819
CGTTT,884,9346,0.9045501136334761,0.8885038906139014,0.621481652923024,1.0180598230228206
AGCCA,3020,7210,0.9006763898239045,0.8853726719641226,0.5450550632040712,1.0172850578568593
GAAGA,3118,7112,0.9003024302359212,0.885325743061574,0.5652548514513199,1.0169165838582257
ATCCA,2281,7949,0.9014582938764959,0.8865710521823158,0.7119063536207197,1.016791932984429
GATCA,1846,8384,0.9015424608822739,0.8873249378984778,0.7319747055216652,1.0160229047742855
CTAGC,1241,8989,0.9022411732312482,0.8881853783679537,0.7661488026562735,1.0158252941397459
CATCT,2997,7233,0.8996637960690632,0.8858409049233421,0.623218166833759,1.0156042592624657
ACGTG,840,9390,0.902284375170009,0.8887817664522587,0.6494645125629536,1.01519226566905
ACACG,737,9493,0.9019518060668554,0.8889540904938632,0.7539461744648506,1.014621357516642
ACTCT,2479,7751,0.8990960459953196,0.8869462732688839,0.6946405387930965,1.013698431452513
GTGTG,2899,7331,0.8984776517642191,0.8864947414629717,0.6603443225200043,1.0135171814798045
ACTCA,2263,7967,0.8986624075587303,0.8873988494821273,0.7563100212386621,1.0126927796708056
GTGTC,2017,8213,0.8988144987921186,0.8876988698485101,0.6515253986260301,1.01252184645172
AAGCG,522,9708,0.9004519535639508,0.8893225939811632,0.7565670292765968,1.0125144235152799
GAACC,1655,8575,0.8988599031783592,0.8881593612092515,0.6945790447658755,1.0120479977315542
TCGGT,465,9765,0.8999359673315532,0.8894121287578437,0.7983082442219976,1.011832353341535
GTGAC,2033,8197,0.8982610744806954,0.8878144318299698,0.6887311765665142,1.0117666961430136
AGTGG,2674,7556,0.897552754681986,0.8871788771982378,0.6844396128326191,1.0116931069374753
CGAAC,341,9889,0.8997287756757463,0.8895512336559901,0.8870725478538685,1.0114412094938334
ACAGC,2493,7737,0.8969113811986703,0.8876282265479166,0.6986343218217168,1.0104583815308092
GACTG,2233,7997,0.8971054449412791,0.8878758538921645,0.6988848714353669,1.010395136897411
TAACG,373,9857,0.8986015953601761,0.8895608468154785,0.854533924354193,1.0101631592454439
GATTC,1814,8416,0.8971526382474602,0.8883251873037813,0.7970733687979527,1.009937184118883
CTCAT,2683,7547,0.8960354492644769,0.8877059164903834,0.8102312484261476,1.00938321196171
TCTTG,3355,6875,0.8952138384091299,0.8872926886206378,0.7601827127574294,1.0089273245345975
ACGAT,489,9741,0.8972067327879847,0.8895232080685957,0.8788177453972608,1.008637801295901
ATGGA,2661,7569,0.8954818098386091,0.8879247676243859,0.8068230005173658,1.0085109037271727
TGATC,1798,8432,0.8959784998303965,0.888592305435776,0.8568513524372021,1.008312242126605
AGAGA,3347,6883,0.8947654288610913,0.8875199435902141,0.7794521205529324,1.0081637436129802
TCACG,609,9621,0.8959795011593443,0.8895050562232071,0.8595000336128886,1.0072787050403371
CTACG,272,9958,0.8960949094516446,0.8897210129301736,0.9297290906355915,1.0071639271511408
CCCAT,2441,7789,0.8941887082033004,0.8885434619855256,0.8268252783784422,1.0063533709484058
AGACT,2408,7822,0.8935249661058038,0.8887716113202174,0.8453456117017132,1.005348229764591
TGCCA,3007,7223,0.8930971693895361,0.8885555134674208,0.8476490888285128,1.0051112798843511
CATGG,2339,7891,0.8931639409876948,0.8889201880825367,0.8667727986586446,1.0047740539162602
CCAGT,2707,7523,0.8925372581336031,0.8889380970838565,0.8834540829688133,1.0040488320407839
CGTGT,952,9278,0.8924007643935423,0.8896329095092544,0.9219831496409525,1.0031112325709879
AGCAA,2815,7415,0.8917928890828553,0.8891682642429235,0.9335306992232353,1.0029517752100234
GATGA,2236,7994,0.8918973705324323,0.8893291395570425,0.9481641282843697,1.0028878295573098
GGAAT,2403,7827,0.8913066627523591,0.8894556984202885,0.9541617756664185,1.00208100789658
TCATC,2238,7992,0.8912889626901511,0.8894988693229426,0.9461976646510193,1.00201247402211
GTCTT,2790,7440,0.8910749896499207,0.8894462958341717,0.9597368274030881,1.0018311322711413
GTTCT,2915,7315,0.8902351180177298,0.8897531501172703,0.9872311472058137,1.000541687208858
TTGGC,2442,7788,0.8902128439447877,0.8897894064222323,0.9864954306467764,1.0004758851021367
AGTGC,2419,7811,0.8896955498582924,0.8899508548229812,0.9922373461157453,0.9997131246480575
CACCA,2531,7699,0.8894474313365075,0.8900361363056001,0.9809200196297042,0.9993385605987458
TGTTG,3583,6647,0.8892977999265486,0.8902099661490435,0.9771098259159094,0.9989753358677382
TCGAT,623,9607,0.8889765004878041,0.8899497556287721,0.9902235196413804,0.9989063931589257
TTCTG,4330,5900,0.8891646357823028,0.890423184608838,0.9637861276832553,0.9985865722632906
TAGTG,1917,8313,0.8886682522497946,0.8901723352059016,0.9732670122919198,0.9983103463266368
TAGCG,320,9910,0.8883491205003118,0.8899402566669441,0.972758988255453,0.9982120865364699
CTACT,1864,8366,0.88854576150977,0.8901900983355612,0.959653102679252,0.9981528250776259
TGGCA,2787,7443,0.8885579022901746,0.8903894650607013,0.9386141647254285,0.9979429644639812
TAGGG,1596,8634,0.8882768820466934,0.8901887605261749,0.9428984115491837,0.9978522774446721
ATCTC,2636,7594,0.8875011085929347,0.8907198762020726,0.9000172178895315,0.9963863300964358
GAGTT,2292,7938,0.8870562497091681,0.8907088357011971,0.9215541433907055,0.9958992368261919
CCCAA,2657,7573,0.887023206174668,0.8908964747555028,0.8714461891268167,0.9956523920673299
TCTCG,1366,8864,0.8865350208676683,0.8904075838926309,0.8827730745777331,0.9956507973482968
TGCTT,3725,6505,0.8870304283090855,0.8915282577522172,0.8759470576178684,0.9949549221754653
AGCTT,2903,7327,0.8864929695063001,0.8912366004712333,0.8704669270766366,0.9946774728928042
GAACA,2464,7766,0.88613299368865,0.8910826636209995,0.8764325503492137,0.9944453302320616
GCGAT,441,9789,0.8845833270190683,0.8901295755352034,0.8863257884971749,0.9937691672442179
GCTAG,1302,8928,0.8849580426737855,0.8906097995708161,0.9067078703936067,0.993654059387451
ATTGG,2079,8151,0.885158559481273,0.8910974134422708,0.8739356776053181,0.9933353482218558
CTGCA,3372,6858,0.8858912013598258,0.8918568870143165,0.7979959443996789,0.9933109384012696
TGGTC,2004,8226,0.8850746123694476,0.8910637173524365,0.8198801331438367,0.993278701773669
GGTTG,1953,8277,0.8846016202091019,0.8911384194588787,0.809726433602534,0.9926646645380343
AGATC,1782,8448,0.8843590375911663,0.8910572747563988,0.8687482466416092,0.9924828208522694
TCCTT,3798,6432,0.8854031615116882,0.8925401826349696,0.7701185990410083,0.9920036976909976
GTTGA,2136,8094,0.8841829109916638,0.8913967091983347,0.8528160355011052,0.9919073089094546
GCATG,2116,8114,0.8838148648691732,0.8914749085612947,0.7926121802748027,0.9914074489157707
CTTGT,3283,6947,0.8846464704024448,0.8923686914924845,0.7779468174020405,0.9913463782810171
ATGTC,2179,8051,0.8837965612746329,0.8915398031439685,0.8495683859094645,0.9913147547175915
ACAGA,3292,6938,0.8845260125427667,0.8924358646351583,0.7895427699719053,0.9911367837109222
GGCTA,1398,8832,0.8828907589448136,0.8909984580077747,0.7989344813898485,0.9909004342374628
GTGGT,2280,7950,0.8835811431117205,0.8916999567087789,0.7930903572844203,0.9908951284162618
ATCGT,521,9709,0.8819906318981664,0.8903144034308962,0.8288221348347974,0.9906507504532629
CAACG,376,9854,0.8814536171488618,0.8902124114148108,0.8362027526856795,0.9901610063467565
CAACC,1568,8662,0.8812674379647514,0.8914514337798183,0.7046218300366955,0.9885759387116738
AGAAC,2349,7881,0.8820178034521555,0.8922370056871466,0.7237711975487531,0.9885465384535123
TCTTT,4821,5409,0.8840637664094154,0.8950837944665787,0.6819528914662372,0.9876882721759803
TCTGT,4186,6044,0.8824254855505844,0.8950606518224304,0.666207735486471,0.9858834524273639
CAAGC,1985,8245,0.8793448989518656,0.8924293556955807,0.6038626542543046,0.9853383837496955
GCAAA,2936,7294,0.8802144798887075,0.8937852960208761,0.6738321106715037,0.9848164696906676
TGACT,2651,7579,0.8797745213350133,0.8934288700449129,0.6925440590239534,0.9847169157302773
TATCC,1675,8555,0.8778353548393169,0.8922507823230462,0.7367139655970985,0.9838437491237636
TTGCC,2671,7559,0.8785049980871895,0.8939135880723156,0.5249294628827649,0.9827627746230438
TTACT,2808,7422,0.878700960971199,0.8941238700784679,0.6857448171485541,0.9827508138151871
TCTAG,1435,8795,0.876659153321624,0.892049320876974,0.7248318848877546,0.982747402867568
TTTCG,642,9588,0.8753901802550059,0.8908614065921778,0.6780969654767156,0.9826334082690211
TACCC,1396,8834,0.8764144166379947,0.8920200516756708,0.5503960667590598,0.9825052867271753
GGTTA,1390,8840,0.8761800608868584,0.8920463096715818,0.7394178105383938,0.9822136489858192
GGTTT,3240,6990,0.8789158568948848,0.8949774371659641,0.5669077061241823,0.9820536478305645
ATCCT,2548,7682,0.8774656169417462,0.8940116206927815,0.4958047588286617,0.9814924063982372
GAGAT,2371,7859,0.8769599377713807,0.8937915319599914,0.5841070176812633,0.9811683221570686
AACTC,2146,8084,0.875961786286309,0.8935880342354152,0.5473156446316376,0.9802747493545079
CAGAA,3700,6530,0.8784693450163511,0.8963618814041373,0.49576740514081463,0.9800387134270393
AACGA,489,9741,0.8728418417994586,0.8907463300985093,0.7066250014024782,0.9798994531955347
GCGTT,511,9719,0.8728438224128058,0.8907867546945749,0.6112719578061265,0.9798572080386161
AGTCA,2455,7775,0.8756723286252145,0.8943799479555775,0.549043528777748,0.9790831409255921
ACTAG,1308,8922,0.8735037955617648,0.8922928376524016,0.6921043787607548,0.9789429643522969
AAGTC,2268,7962,0.8749236055106718,0.8941538463741914,0.4959037759267967,0.978493364490352
TGGAA,3739,6491,0.8773952166319192,0.8970881138719412,0.41260055578784416,0.9780479788601534
ATGGT,2332,7898,0.8745754430084105,0.8944124751878834,0.5542618421164038,0.9778211588838742
AGTGA,2983,7247,0.875792307147029,0.8956935573216405,0.4801149397921777,0.9777811841874565
TGCGT,662,9568,0.8708213997432913,0.8912098552988562,0.508205802724855,0.9771227220678256
TACCG,306,9924,0.8697391032425917,0.890511839634954,0.6654618833292947,0.9766732619738356
TGTCG,544,9686,0.8700695449687104,0.89100369911899,0.570936954116188,0.97650497503997
GATTG,1767,8463,0.8723319738076639,0.8935565478448982,0.4715758251602731,0.9762470835355365
TTGAT,2673,7557,0.873471299553159,0.8956981445578831,0.5748267904893583,0.9751848933262051
TGTGC,2793,7437,0.8736436232166687,0.8959920697170042,0.4447003331212731,0.9750573166262574
ACCTT,2828,7402,0.8737107789658338,0.8960720858165547,0.3871302866981462,0.9750451920055696
CCTAT,1544,8686,0.8701789481136346,0.8933943548517228,0.5956465390423255,0.9740143794148539
TTCTA,2790,7440,0.8728169112878778,0.8962930752199378,0.5505454607320543,0.9738074915659709
TTCGA,458,9772,0.8673442007318679,0.8909471979322883,0.53815707071679,0.973507973025564
ATGGC,1937,8293,0.8705108485410042,0.8944169960817064,0.34360797679820854,0.9732718098544291
GTCGA,285,9945,0.8666505385839678,0.8905564865392745,0.6537533624627123,0.9731561688487544
CGCAA,348,9882,0.8667674133741621,0.8907047765913082,0.5616033413615402,0.9731253678589741
ATCTG,2672,7558,0.8720613856042531,0.8961936543787976,0.48368096959913154,0.9730724842151756
TTGAC,2085,8145,0.8702620904730564,0.8949150648855978,0.5376113357951814,0.9724521629148203
TAGGT,1584,8646,0.8689923102820984,0.8937191582977877,0.405186987975819,0.9723326418751221
ACTGC,2498,7732,0.8711547185351068,0.895943504297571,0.30297895298081046,0.9723321999171155
TAAGA,2555,7675,0.8712395118563411,0.8960993758093243,0.5234150951653942,0.9722576930370801
CACGT,840,9390,0.8670909711504581,0.8919300581856369,0.405395025030979,0.972151306251853
AGTCT,2595,7635,0.8712264475196799,0.8962340577362078,0.37529785443204444,0.9720970097033643
ATTAC,1991,8239,0.8696929494436976,0.8947713314464273,0.5964679847848415,0.9719723004958265
TACTT,2828,7402,0.8714152731556937,0.8969491042482052,0.4573464990125615,0.9715325752915344
CAAGA,2549,7681,0.870227236674116,0.8964158880155181,0.3676076922901106,0.970785154868932
CTAAG,1731,8499,0.8677193022091281,0.8944061124844706,0.46757756261448324,0.9701625358963478
TTTGG,4082,6148,0.8735512498596304,0.9007390143465361,0.30344944692662856,0.9698161575618773
TAGGC,1247,8983,0.8661757212620796,0.8931825156090063,0.4419982593514802,0.9697634090737743
AAAGG,3348,6882,0.8716051317323585,0.8987860623495466,0.376873588183835,0.9697581752145404
AAGAG,3093,7137,0.8702803749083645,0.8983890237547911,0.2745020607813178,0.9687121635469818
ATGCC,2170,8060,0.8676918705369254,0.895867035119651,0.25966783306843366,0.9685498366630237
TACGA,343,9887,0.8625192181797142,0.8908400495897517,0.6397324281132306,0.9682088480158927
ACAAG,2224,8006,0.8669668043452404,0.8962584922889959,0.42112751385951186,0.9673178126670285
GAATG,2661,7569,0.8681308790340391,0.8975404139278556,0.32306640107986473,0.9672331914669856
TCACA,2766,7464,0.8681679058616016,0.897940411912691,0.38669879956759035,0.9668435614923808
TGACA,2703,7527,0.8679363901498497,0.8977743589151684,0.3760241941189211,0.9667645121861426
GTATG,1772,8458,0.8652371958802226,0.8950554919637931,0.341212677304215,0.9666855336330625
GTTTC,3067,7163,0.8687914019335464,0.8989245333518538,0.2115934049634697,0.9664786861407054
TCCTA,2063,8167,0.8655625294282386,0.8960357737136108,0.3407689348534988,0.9659910405596017
GTTTG,3322,6908,0.869222349034956,0.8998296205320486,0.3105596980059347,0.9659854812525561
GGCAT,2044,8186,0.8653380376738311,0.8960210985981194,0.2824136778953565,0.9657563187158272
GTCGT,473,9757,0.8606921927077089,0.891305960333993,0.3812028323875468,0.9656529082170477
GTTAG,1624,8606,0.8639671658902617,0.8947823593683164,0.3038318952154386,0.9655612416187898
ACGGT,542,9688,0.8606032710784958,0.8915289728741712,0.3455021914405383,0.9653116132659435
CAGTG,3663,6567,0.8693720752555655,0.9013354272070018,0.1909920440822711,0.9645377836190439
TCATT,3621,6609,0.8690151894501361,0.9013278349418328,0.3276772652272889,0.9641499527263774
GCTTT,3626,6604,0.869012010425474,0.9013540448707974,0.23540980929616062,0.9641183898498404
TTACG,422,9808,0.8589097954584702,0.8912234633407464,0.48542829943312304,0.9637423505871933
AGTAA,2283,7947,0.8644272244378621,0.8972055251966625,0.4297695824357872,0.9634662294889283
TTGCT,3505,6725,0.867816682366,0.9013951212545257,0.21824293442174295,0.962748368504821
GCACT,2295,7935,0.8638586862425779,0.897419530838412,0.3106804586757559,0.9626029482950076
TGAAG,3177,7053,0.8666510465428752,0.9003586115500923,0.17610808644083667,0.9625620674086908
GTACC,1123,9107,0.8598632231110329,0.8935931989212503,0.26671685631531916,0.9622535446208226
CTAAC,1372,8858,0.8606242987039177,0.8944234730534816,0.40760222091880305,0.9622112172054512
TTGTC,2646,7584,0.8645070389679169,0.8987465766113407,0.24473798629334056,0.9619030118896013
TAACC,1605,8625,0.8608985291733686,0.8952855098905808,0.3753462498831227,0.9615910451612081
TTCAT,3666,6564,0.8672456523651731,0.9025376448139536,0.26623680460127613,0.960896930281445
TGTTC,3077,7153,0.8652187397320842,0.9005035090135457,0.2832387304713238,0.9608166221138725
TTCTT,4868,5362,0.8709494138336236,0.9070865191323082,0.1750810846940948,0.9601613467552662
ATTCC,2426,7804,0.8624292144827458,0.898427266503636,0.17850460576600363,0.9599321465821246
GCTTA,1816,8414,0.8602972003443689,0.8962776261355053,0.355534207336612,0.9598557135178373
CTCAA,2438,7792,0.8623235144657113,0.8985157769330225,0.2427211138380267,0.9597199477221766
CTATG,1733,8497,0.8595046720565022,0.8960878033959747,0.3778372654323495,0.9591746130224844
GCGTA,263,9967,0.8543893113424906,0.8908272572736472,0.4822290843035486,0.9590965076184648
CATAG,1789,8441,0.8596006868604319,0.8963101567748138,0.38115168209362293,0.9590437867551637
TGCTA,2143,8087,0.860784741589585,0.8976033091261327,0.2964935083134867,0.958981247994292
TCACT,3056,7174,0.8639013064591512,0.9009614259256135,0.1949893787716266,0.9588660308865187
CAACT,1924,8306,0.8592196646595764,0.8969950670990238,0.27581221307609805,0.9578867222072727
TTCAC,2583,7647,0.8614127054796038,0.8995096958121748,0.264013476150534,0.9576469375372626
CCATT,2865,7365,0.8623754428970909,0.900593892495499,0.2613019843649629,0.9575630593135528
AACCT,2569,7661,0.8610376152773315,0.899565856739597,0.22111124315009908,0.9571701825123644
AGACA,2680,7550,0.8613305471926797,0.900028317305051,0.19013576148362474,0.9570038304703081
GTGAT,2553,7677,0.8605442546080634,0.8996496261710474,0.2902382152445534,0.9565326651338495
GCAGT,2639,7591,0.8606639026400843,0.9000510635044571,0.0961569139241139,0.9562389708079294
GAGTA,1623,8607,0.8568193306479369,0.8961266281501005,0.29204175723066245,0.9561364473865633
AGAGT,2473,7757,0.8591193974358289,0.8997005791247531,0.23425958827731347,0.9548947920780462
CTCTA,1885,8345,0.8567541884712944,0.897375436412358,0.16914487565024092,0.9547332740647946
GCCAA,2221,8009,0.8578674709981798,0.8987708838859482,0.11623492412151483,0.954489610621433
CTGAT,2417,7813,0.8584226232430785,0.8996252632472796,0.1247346303388345,0.9542002190384511
ATCGA,393,9837,0.8501291175425223,0.8914789995867952,0.35713721181185676,0.9536165382881271
GTAAC,1346,8884,0.8535391143598262,0.8953980205089138,0.3480201885972368,0.9532510624433853
CTGAA,3375,6855,0.861498613915461,0.9038689774128134,0.14614499423914257,0.9531233347352721
GTGCA,2365,7865,0.8570499673829685,0.8997656057557274,0.16512997754144554,0.9525258155018257
TTAGC,1902,8328,0.8548708033151439,0.8978884959442979,0.13522793122525634,0.9520901617255795
CGTAC,282,9948,0.8477848425066546,0.8910840708225412,0.34600676043573464,0.9514083690488172
CATGC,2143,8087,0.8552759215984747,0.899063108958079,0.07986926975021456,0.9512968701270046
CTTAG,2157,8073,0.8553067799139401,0.8991307986938125,0.09647559872719935,0.9512595733084257
TAGAC,1328,8902,0.8518344740913724,0.8955676792334503,0.14368330478702487,0.9511670573244551
TGAAC,2372,7858,0.8560487735634345,0.9001058756982755,0.1849609698552154,0.9510534223536061
TCCAA,2601,7629,0.856129308574289,0.9014008822293603,0.09896883525765732,0.9497764262853783
CACTG,3487,6743,0.8594173557720294,0.9056490201026915,0.05341367108830972,0.9489518971428689
CTTGA,2884,7346,0.8563489702850292,0.903058702944118,0.058490195847637066,0.948276083817356
GCACA,2383,7847,0.8539537680082985,0.9008038528056252,0.1420147138838089,0.9479908032682048
CGAAT,446,9784,0.8454275877422023,0.8919173096889302,0.3550003145930233,0.947876645691581
AATCC,1956,8274,0.851859826385996,0.8988810541114948,0.21673236317202574,0.9476891547436416
AAGCT,2742,7488,0.8550741058628963,0.9026397521171815,0.11967076617676665,0.9473038428202194
AGTGT,2707,7523,0.8545817029237719,0.9025956390156673,0.1488784871580308,0.9468045999598919
GTTGC,1966,8264,0.8503174183842792,0.8993048908017935,0.07624065764127586,0.9455274035329235
TACGG,311,9919,0.8425665739956367,0.8913742774086978,0.29813591777533266,0.9452444336233828
ACCAC,2055,8175,0.850453301537591,0.8998040522898797,0.056896520681879496,0.9451538914203623
CTAGT,1755,8475,0.8489457229925438,0.8983693118911625,0.19160007020928824,0.9449852212843548
TTGAG,2941,7289,0.8543277991725129,0.9042394848076767,0.0719631292270306,0.9448025810930171
CTTTG,4319,5911,0.8603784744508985,0.9114540739259153,0.042621834877597874,0.943962508988502
CTATC,1248,8982,0.8454111837929994,0.8960706418120522,0.08600621698576624,0.94346488362055
ATGTG,3210,7020,0.853415402238175,0.9065692622428738,0.08839817744096667,0.9413681202104791
CAGAT,2896,7334,0.8515403107414531,0.905033940853868,0.03755031749053379,0.9408932331731719
TCATG,2676,7554,0.8498061463696734,0.9040903381578329,0.10180921173775494,0.9399571154595364
GCTAA,1695,8535,0.8446873471699219,0.8988675581343291,0.10183794404029352,0.9397239220905219
AAGTG,3043,7187,0.8514726864673786,0.906156710339402,0.054532520461101894,0.9396527959810158
AATTC,2587,7643,0.8486169942239296,0.9038607219772615,0.17106580256368945,0.9388802650562331
TTTCA,4572,5658,0.85878245403688,0.9150276214692296,0.043689863083893325,0.938531727225853
AACAG,2931,7299,0.8501522053460044,0.9058478624825835,0.05939713754681855,0.9385154401270667
GAACT,2311,7919,0.8467851535671418,0.9024699043106266,0.04144076007428248,0.9382973875610612
GCAAC,1407,8823,0.8418319087732848,0.8975543654636183,0.20830631443548603,0.9379174578895275
TTATC,2095,8135,0.8452280633616187,0.9013923625552458,0.19288500110817286,0.9376916185151449
CTTAC,1731,8499,0.8430381231732157,0.8994329533964794,0.20044036753342867,0.9372995730139717
CAACA,2206,8024,0.845337463228486,0.9021392345772029,0.1632205377221962,0.9370365801955863
ATGCT,2587,7643,0.8473164837318168,0.9043009183194172,0.08274523291403768,0.9369850970697872
GACAA,1912,8318,0.8430142721458596,0.900665589539148,0.11643534673992026,0.9359903186455836
TCAAG,2406,7824,0.8454956338116391,0.9035425827171157,0.017395647136489487,0.935756266482849
GTGTT,3300,6930,0.8500553346976385,0.9088596042752249,0.051274122256485775,0.9352988412060846
AGGAT,2416,7814,0.8448823412390737,0.9038064916426816,0.013738033344961365,0.9348044620740527
ATGAG,2379,7851,0.8445609072781034,0.9036261958622988,0.024210418975436267,0.9346352630604833
TCAGA,3313,6917,0.8496914875139571,0.909144392655165,0.024563942564191126,0.9346056516197881
CCTAA,1876,8354,0.8417492048959521,0.9007012393757134,0.06009076645340476,0.9345487361373881
GGATA,1517,8713,0.8395922971923934,0.8986477846079025,0.15657717973030708,0.9342840560817983
GTCAT,2029,8201,0.8419198499534657,0.9017588448450109,0.040167895128103516,0.9336419096595276
CCTTA,2092,8138,0.8419087195322278,0.9022249472681366,0.04484863351847015,0.9331472401438894
AATGG,2693,7537,0.8448052952972637,0.9059996022149376,0.06802866134775853,0.9324565852257888
TGGTT,3087,7143,0.8463397715838052,0.9087118559779237,0.016903493405394397,0.9313620880108405
TGTGT,3982,6248,0.851419459467817,0.9144089908016435,0.019392872747153317,0.9311144881913236
ATCAG,2573,7657,0.8426546434220167,0.905763257751687,0.02729253428491989,0.9303254865003904
ATTCT,3517,6713,0.8482033133689577,0.9117307625518981,0.0566911210648371,0.930322139175024
CACAC,2318,7912,0.841149785190535,0.9041701794815288,0.007963065396087739,0.9303002955404578
TGTGA,3472,6758,0.8479035651478621,0.9114617466611629,0.030093691239796307,0.9302678562801731
TCGTA,362,9868,0.8294260740868988,0.8921085755279751,0.17972751652680563,0.9297366899494505
CCTTT,4201,6029,0.8517494665991803,0.9164671011687444,0.009273128235757301,0.9293835703572648
ATTTC,3908,6322,0.849622422271231,0.9147825428493428,0.02058528822812769,0.9287698250393447
TCAAC,1555,8675,0.835031734251742,0.8997239556620238,0.023946056546154032,0.9280977004078093
TGTCA,2801,7429,0.8423685852046058,0.90780794924908,0.015382895951762874,0.9279149691312966
TAGCC,1484,8746,0.8344084687143924,0.8993045385956274,0.00910335358417484,0.9278374932004925
ATGAC,1868,8362,0.8365141675164917,0.901814302464567,0.11176471207551597,0.9275902646813022
ACTAC,1212,9018,0.8322899924626798,0.8976318686254987,0.2242082501171132,0.9272063766375921
GATCT,1824,8406,0.8356659836740817,0.9016565438862706,0.07377830440551475,0.9268118657157858
TTCAG,3649,6581,0.8468590297688537,0.9137503513908174,0.011504339306552152,0.9267947514108766
CATCA,2237,7993,0.8380364679934582,0.9044028629085638,0.0096610704123325,0.9266185483959317
AACCA,2375,7855,0.8387777021020479,0.905344700144768,0.03301316868459677,0.9264733111796251
GTAGT,1712,8518,0.8345142369590206,0.9010203437961579,0.1039367486173337,0.9261880075238531
ACTTG,2847,7383,0.8412814653375797,0.9086348815269437,0.013845243365342288,0.9258740583718535
CATGT,3000,7230,0.8421356948416517,0.909705750706025,0.051541184717844746,0.9257231738812995
TGATT,3170,7060,0.84299383260284,0.9109474805635287,0.03591545607491507,0.9254033306962424
TAGCA,1950,8280,0.8352814897979666,0.9027512991574252,0.06317512096541594,0.925262019093818
TAGCT,2229,8001,0.8369876617401771,0.9046286919273417,0.006733247376083886,0.9252278522771005
CAAGT,2339,7891,0.8373253914335389,0.9054714955729907,0.028042214832568482,0.9247396472747844
TTGGT,2899,7331,0.8406399763877214,0.909366303448576,0.0118842328020287,0.9244239347771905
TATCG,304,9926,0.8242557655266778,0.891900655793815,0.14476128043610445,0.9241564743475478
GTCTA,1345,8885,0.8303395412240562,0.898905231196754,0.03120596718987994,0.9237231160826451
TAGAG,2138,8092,0.8351648359873339,0.9043496345512353,0.02088926933707446,0.9234977314960349
ATGCA,2774,7456,0.8387203492630404,0.9089283011365131,0.012537442123654652,0.922757436658441
TTGCG,453,9777,0.823957511319831,0.8929453727627732,0.05299305116710024,0.9227412297019987
TTTTC,5291,4939,0.8553149598937656,0.9269301901865968,0.006648107502988437,0.9227393486035721
TTTCT,5700,4530,0.8577677756118484,0.9303097883315627,0.006962437381671802,0.9220238101011354
GAAGT,2563,7667,0.8367526718188162,0.9076539147329973,0.001591035241435149,0.9218851571471072
CATTT,4698,5532,0.850872862547242,0.9230258412658303,0.00880694366731575,0.9218299472313384
CAAAG,3190,7040,0.8407314119208557,0.9121656900713049,0.011982610228792679,0.9216871683204121
ACCAT,2124,8106,0.83329788548161,0.9047193379430764,0.06402377298438595,0.9210567858272528
TACTC,1604,8626,0.8298196633449149,0.9010606216234955,0.06200369808612676,0.9209365534693753
TAGGA,2130,8100,0.8330904117905097,0.9048268006192259,0.03128562782431296,0.920718099000137
ACATC,1892,8338,0.8310736503035651,0.9032367852908576,0.03907316896543927,0.9201060716719428
ACCTA,1513,8717,0.8285049514296848,0.9005451038908343,0.12113784321579744,0.9200038375091957
GATGT,2444,7786,0.834512887234856,0.9072733323564768,0.016845729305708847,0.919803170084765
CCGTA,329,9901,0.8205665235061292,0.8921940486714472,0.09013600844287911,0.919717548809054
AAGAT,3045,7185,0.8383213601015035,0.9117454586806455,0.03288446396818004,0.919468643490266
TACTA,1555,8675,0.8283094695424074,0.9009289264543023,0.11968785109814377,0.9193949103202887
TTGTT,4356,5874,0.8469475345186331,0.9217358191634918,0.008402792643707073,0.9188614751754666
TGCAC,2525,7705,0.834248800947006,0.9081247812768756,0.01653096432619483,0.9186499676553307
TTAAG,2838,7392,0.8363411234474429,0.9104496149601832,0.05229970616061823,0.9186023144004721
CATTG,2698,7532,0.8346917903176303,0.9096629330659252,0.022728358288060344,0.9175836015483094
CCATA,1640,8590,0.8272890359384194,0.9018423333167064,0.08378878654256172,0.9173322269047826
TGGTA,1998,8232,0.8294260062601705,0.9045659015575431,0.0240527309755363,0.9169326467336524
TCTAC,1655,8575,0.8267991707122054,0.9020672926648181,0.0032363901616179126,0.9165604134362733
GTAGA,1989,8241,0.8287316966046298,0.9046514157969794,0.009216831167619127,0.9160784829751624
GAATT,2953,7277,0.8352384101492579,0.912068247486431,0.019474577687211746,0.9157630609892314
TCTAA,2483,7747,0.8312056017220828,0.9086996454180437,0.029797839824754948,0.9147198482064884
TACAG,2465,7765,0.8308899149529269,0.9086202217347781,0.012179006925530976,0.9144523697332588
TGATG,2744,7486,0.8327727791188997,0.9108270312887063,0.005440109210272286,0.9143039792534817
GTGTA,2130,8100,0.828370508055712,0.9060679604902283,0.047987573616834533,0.9142476548972353
ACCAA,2195,8035,0.8286864920852581,0.906610181954247,0.00847295868078322,0.9140493991573972
TTTGA,4167,6063,0.842895407363424,0.9221894276177023,0.0068088052304392695,0.9140154746090302
CTTTT,5207,5023,0.8496989878055878,0.9315542569432251,0.0019799291319978984,0.9121304330611565
CTACA,1787,8443,0.823872718221761,0.9038634507482208,0.04526856469822841,0.9115013086763899
CTGTT,3869,6361,0.8386467469987612,0.9210588583542381,0.0013169087642470275,0.9105245982838359
GTTGT,2598,7632,0.8290989941764827,0.910584443823246,0.00852085272827887,0.9105130224884662
GATAT,1901,8329,0.823783022111149,0.9049787654095595,0.09300296616168804,0.9102788414469987
GTTAC,1460,8770,0.820534202645925,0.9014366848650475,0.0453803047245667,0.9102516199113483
TATCT,2341,7889,0.8254512844423912,0.9090123216186942,0.010496384274531635,0.9080749125297837
GCTAT,1722,8508,0.8206265707088781,0.9039093450127912,0.0015793101423564357,0.9078637976657554
ATTGC,2186,8044,0.8240957645830465,0.9077705520575554,0.02322154343870994,0.90782385781864
TATGC,1588,8642,0.8193995642135569,0.9028434568570224,0.01574619201156895,0.9075765660040885
TTGTG,3692,6538,0.835362934730985,0.920682121000722,0.002595610895457356,0.9073304625737703
AGTAG,2044,8186,0.8222616969198607,0.9067770282952993,0.001648534538050364,0.9067959060075401
AGATT,3005,7225,0.8296316324596668,0.9149531635416217,0.006214957050367109,0.9067476517030769
AAAGC,3039,7191,0.8298263116817063,0.9152743013390084,0.003922534948206637,0.9066422060225058
ACGTT,740,9490,0.8118490407581207,0.8959759085319817,0.00884375687391023,0.9061058818962004
TATGG,1802,8428,0.8197374843361498,0.9048899757185305,0.016436430230835075,0.9058974088924291
CTGTA,3142,7088,0.8300037101811739,0.9164373595852522,0.009319831986039107,0.905685152945756
TGTAA,3489,6741,0.8322951542280368,0.9197006184583735,0.007137274699105356,0.904963134224213
CATGA,2334,7896,0.8230993470690897,0.9096334582155853,0.00904428410283888,0.9048692521532263
GACTA,1276,8954,0.8143090410528604,0.9006613050866727,0.002520183611865035,0.9041234884344205
AGCTA,2031,8199,0.8199289281358345,0.907220881703334,0.0005781772670137495,0.9037809255408602
GTCAA,1521,8709,0.8159203614457815,0.9028091390940961,0.03388979946748852,0.9037573127189417
TCATA,2239,7991,0.8213406026778797,0.909097491269396,0.018201682557964123,0.9034681214783916
TCAGT,3191,7039,0.8288237267984185,0.917573966460543,0.000306515311329577,0.9032772910891638
AAACC,2609,7621,0.8237595206283997,0.9125299924957382,0.0010587359952271783,0.9027204885347886
AGTTG,2550,7680,0.8231386748275366,0.9120541720467835,0.002287294583099309,0.902510728041836
TAGAT,1902,8328,0.817613024590581,0.9063976572236108,0.039665960240417505,0.9020467099341517
CGATT,566,9664,0.8070944687882139,0.8947396722677345,0.017847361453861697,0.9020439059582748
AAGTA,2478,7752,0.8219154079170569,0.9116193603342426,0.011787437789060396,0.9015993337566942
CGAAA,601,9629,0.8067639663352182,0.8950788782180963,0.009986572728325078,0.9013328165460752
TATTC,2348,7882,0.8206567678166118,0.9105147895579944,0.014428083683131343,0.9013107499494832
ACAAC,1520,8710,0.8137949808978078,0.9031700678719687,0.050083096597792455,0.901042904151214
ATCTT,3094,7136,0.8261998042408681,0.9175052505336699,0.00046525143996806493,0.9004850966905162
ATTGA,2396,7834,0.8203509958335801,0.9111588813010285,0.018728142411607453,0.9003380339795565
CACTT,3019,7211,0.8252959561046616,0.9169340134030707,0.0013930930982104983,0.9000603577150471
TTTGT,5175,5055,0.8430834023520696,0.9378087151251346,0.00035723900738821545,0.8989929276137879
TATGT,2836,7394,0.8226320829782239,0.915687729889542,0.006214487417162647,0.8983762216377594
ACGAA,469,9761,0.802834013878169,0.8940734053499287,0.08613561840161493,0.8979508942713157
AGTTT,3724,6506,0.8294490982981524,0.9244868152577922,0.002207086774750703,0.8971994890666574
ACTTT,4040,6190,0.8320864224228831,0.9276172076803018,0.0011873778433994743,0.8970148629559028
AGCAT,2662,7568,0.8201777722015021,0.9144115264969763,0.0001499357137967066,0.896946012200355
AAGAC,2164,8066,0.8158640166470685,0.9097507971863698,0.00015475128108909477,0.8967994523009275
GTTCA,2349,7881,0.8167133825597581,0.9117015513889918,0.002752138698291844,0.8958122110415215
CTTTA,3244,6986,0.8242479081862315,0.9203720938982796,0.0017793878243403559,0.895559430420245
ATAGA,2259,7971,0.8155906106307003,0.9109472428446574,0.012499477199580307,0.8953214547132471
AGTTC,2261,7969,0.8146426877807682,0.9112401236111431,0.0001705373001333618,0.8939934345213312
ATTTG,3958,6272,0.8295596346046649,0.9279627915121574,0.0010020765562631327,0.8939578636044877
AACGT,638,9592,0.8005737968982112,0.895831273947921,0.13358856799045946,0.8936658276843686
GAAAC,2903,7327,0.8198091391743374,0.9176571217560278,0.00038603680781377554,0.8933719574971003
GTGAA,2747,7483,0.8180272962141992,0.9162713723679153,0.0012324570927757566,0.8927784070129524
AAACG,745,9485,0.8004508207698988,0.896915529853025,0.009410379351255974,0.8924483902080126
CTATT,2374,7856,0.8143999529435345,0.9127029243688346,0.004596800422130267,0.8922946680670713
GATTT,3644,6586,0.8257094412681326,0.925401527201403,0.0009368753025711228,0.8922715351089175
TGATA,2082,8148,0.8116615221564025,0.9098797708640017,0.013725924319192808,0.8920535966918648
TACCT,2152,8078,0.8116968961913312,0.9107214584706327,6.993880792335245e-05,0.891268003670856
TTTAC,2777,7453,0.817095303303232,0.9170140889382049,0.002517241878936259,0.8910389852890186
AAGTT,2970,7260,0.8180975677188457,0.919260314876659,0.0016932704623403491,0.8899520130253998
CGTAT,394,9836,0.7948412360397482,0.8936978665239789,0.021489514540920414,0.8893847303577755
CGTTA,467,9763,0.7949624619645002,0.89443123961816,0.013013196198243416,0.8887910291504086
CACTA,1496,8734,0.8037381710555948,0.9046470526941087,0.02811139729219342,0.8884549710983974
CGTAG,358,9872,0.7936797442374702,0.8933794888262259,0.02901349754082023,0.8884015742070069
GATAA,1862,8368,0.8067625509753387,0.9083876424729248,0.023879673083496138,0.8881258542653335
GTACT,1501,8729,0.8035080764935115,0.9047444196715265,0.01353789495513655,0.8881050372051263
ATGAA,3305,6925,0.8199082680026583,0.9232899402715857,0.0018530282934458623,0.8880290277629173
CTAAA,2792,7438,0.8150793191290059,0.917972331691494,0.0013375413521226742,0.8879127300352363
AATGC,2565,7665,0.8127155451997413,0.9157161498619933,0.0003842043673835634,0.8875190694433257
GACAT,1976,8254,0.8072999312502803,0.9096625875913451,0.0017658796822921186,0.8874718409469754
CAAAC,2404,7826,0.8107388608727871,0.9142043752352843,0.00043558858051015946,0.8868245250566988
CCAAA,3365,6865,0.8195735667825322,0.9243575542470933,9.711624431734551e-05,0.886641281846926
ACTGA,2757,7473,0.8136198781562544,0.9180288582968985,4.47433123581139e-05,0.8862683027913297
TTGAA,3898,6332,0.8242031400703448,0.9303278304067139,0.0001774482516288668,0.8859276409155961
ATCAC,2012,8218,0.8064231718541653,0.9103256559210192,0.0028355382334654647,0.885862291817173
TACCA,1766,8464,0.8039174246896955,0.907828625960245,0.0005058931298261558,0.8855387478439131
TACGT,478,9752,0.79219574954057,0.8946790498204596,0.006991281509298352,0.8854524420791394
AAGAA,4127,6103,0.826109299994018,0.9330209046459451,0.00017256793961192322,0.8854134948964547
GCAAT,1816,8414,0.8036205967363125,0.9085101804678359,0.0009374108905544317,0.8845477067989368
AAGCA,3179,7051,0.8163442109310136,0.9230494136405933,1.911695248536177e-05,0.8843992519439188
TGTTT,5272,4958,0.8366127214257635,0.9465424354120394,3.457688549440122e-05,0.8838618218543763
GTAGC,1432,8798,0.7995045966180365,0.9046020777190824,5.910466376478522e-05,0.883819102686515
TTGCA,3063,7167,0.8144264478980556,0.9221419634739461,0.0003318642951728812,0.883189877651703
TAATC,1913,8317,0.8031415873229986,0.9098436702633905,0.006249777144604583,0.8827248169902607
TACTG,2299,7931,0.8059209112319313,0.9142311798269204,8.532395947468862e-05,0.8815285772516597
GTATT,2894,7336,0.810977281862106,0.9210211843539505,0.0005803506773198262,0.8805196836280865
TCGAA,738,9492,0.7899292991606423,0.8976624356667682,0.0006898953116459502,0.879984800270601
CCAAT,1717,8513,0.7988254952553011,0.9082575222337793,0.00038597068304702673,0.8795143180214574
AACTT,3309,6921,0.8142185735090839,0.9260699902308853,0.00023677587513340473,0.8792192621489495
TAGTT,2388,7842,0.8049532990244556,0.9157550604513027,0.00115495772183569,0.8790050241466951
AATGA,3180,7050,0.8124445786922302,0.9248235321827268,0.0003368747751910502,0.8784860575235743
TAACT,2325,7905,0.8039047572816349,0.9151804049904763,0.0008973289867034794,0.8784112431799724
TCTTA,2855,7375,0.8087338653231284,0.9213077256450148,0.00010587001645908,0.877810793084284
AGTAT,2416,7814,0.8043557211380647,0.916336862024565,0.0002485780465935288,0.877794787564163
ATAGT,1862,8368,0.798841643200289,0.910150158041417,0.006674617603015211,0.8777031307881586
TTAAT,3378,6852,0.8138564651563819,0.9273748573892671,0.0008012238338190174,0.8775916865457615
AGTTA,2371,7859,0.8034386813600798,0.9159723309103914,0.00039574470743342446,0.8771429597240523
TGCAT,2907,7323,0.8080806135418664,0.9223664234006979,8.104450315531723e-06,0.8760950019868807
TTAGA,2534,7696,0.8042141134747196,0.9181004545977881,1.0508677541068065e-05,0.8759543788996803
TGTAG,2435,7795,0.803160792522525,0.9169830830451786,2.2984163800149787e-05,0.8758730748394344
GTTTT,4842,5388,0.8280191821976512,0.9454919788285985,1.4940342990844735e-05,0.875754845877711
ATAGC,1507,8723,0.7937288749334911,0.9065035248887705,6.947455272431336e-06,0.8755938097768379
ATGAT,2250,7980,0.8008709208204603,0.9149899862510626,0.0014775065737477697,0.8752783449596252
GTTAT,2129,8101,0.7993055736594565,0.9136968393789079,0.004353992199349423,0.8748039165844005
TTTGC,3560,6670,0.8137253821223559,0.9305423241040373,3.3246733526923207e-06,0.874463590794586
AACTA,1926,8304,0.7965789781764524,0.9115328215512606,0.000437790109448139,0.8738895181205018
ATGTT,3645,6585,0.8142235420581692,0.9317744648940757,0.000147341919720755,0.8738418713274465
TGCAA,2843,7387,0.8057706628186475,0.9222652860073238,4.7367965982962425e-05,0.8736864273694985
AATGT,3691,6539,0.8145783524554375,0.9324011260462602,0.00016363516914621426,0.8736351015678878
CTAAT,2067,8163,0.797756145221951,0.9132203491309252,0.00021945906460541718,0.8735636979411849
TTACC,1805,8425,0.7951026776348088,0.9101981399404968,9.40484523664038e-06,0.8735490029531238
ATCAT,2463,7767,0.8015873495325175,0.917892367739272,0.00012959003579866922,0.8732912242279468
TTTTG,5256,4974,0.8306224314278837,0.9525187299044149,4.074305175881188e-06,0.8720273999349457
GATAC,1213,9017,0.7877446748259349,0.9036315150899031,0.000517616182815077,0.8717543176297492
TGAAA,4442,5788,0.8210372226626884,0.9427319141433749,1.8293324643189056e-05,0.8709127275156842
TTAGG,2150,8080,0.796487744481962,0.9147439370660022,2.182328235418834e-06,0.8707220810193711
GATTA,2040,8190,0.7951347871629608,0.9134926369129519,0.0017932356897952515,0.8704337123614171
ACTAA,2028,8202,0.7946005837636678,0.9134515579440134,0.00013752534513869136,0.8698880382361446
CGTAA,382,9848,0.7777816610349125,0.8942391417154935,0.0024360952962026064,0.8697691979159279
ATTAG,1957,8273,0.7935020618741393,0.9126914211340293,0.00012643291416442338,0.8694089190497749
TAATG,2609,7621,0.8002309481935767,0.920584846908867,0.0004713483671484508,0.8692636543829569
CATTC,2579,7651,0.7998990297701668,0.9202248156257034,6.46934222567548e-07,0.8692430547270978
TAAGC,1650,8580,0.7896944892350618,0.9091589457915693,0.00014453226767422011,0.8685989318924927
CTTAA,2731,7499,0.8003091575877306,0.9225143822852945,9.558349808133602e-05,0.8675302769862172
GATAG,1299,8931,0.7848150811476831,0.9051735384300387,9.476048599247504e-06,0.8670327266845327
AGAAA,4871,5359,0.8234411641842595,0.9502888134704214,1.8919903371211304e-06,0.8665167394500639
AACTG,2875,7355,0.8008172102358079,0.9247083864991936,3.507757354713464e-06,0.8660213554108458
AAATC,2852,7378,0.8005532816270099,0.9244241939454168,9.1937888989996e-05,0.8660020874294416
ACAGT,2948,7282,0.8005081595596606,0.9260754748348855,4.320810427972946e-06,0.8644091991555948
CTTAT,2303,7927,0.793417621882307,0.9179183649469613,1.3885470769393036e-05,0.8643662140131076
TTAAC,2210,8020,0.7914854698654596,0.9170070790183105,0.00012221743675765902,0.8631181677602464
AATAG,2191,8039,0.7910274072027531,0.9168352547516213,0.0007880706659995639,0.8627803120605886
ACATG,2582,7648,0.794872718110805,0.9219689204978317,8.454108274926895e-05,0.8621469774508242
TAATT,3556,6674,0.8057096615985266,0.9347431983046381,6.431396617684296e-05,0.8619583036922418
AAATG,4569,5661,0.8168626999231858,0.9488312994489454,2.9782252826366695e-06,0.8609145802816547
GTTTA,2712,7518,0.7953449250043121,0.9239963056022641,0.0002551261174556371,0.8607663474215986
GAAAT,3704,6526,0.8066152840940495,0.9371554780639223,1.0466872345969248e-05,0.86070593724794
TCTAT,2081,8149,0.788019389226554,0.9159051801630945,9.741077295722834e-05,0.8603722375347107
GTATC,1350,8880,0.7799255312864904,0.9066081300554902,3.565572270683777e-06,0.8602675240059385
AGATA,2218,8012,0.7894095473836057,0.9177071001039289,0.0003705056831998741,0.8601977115511107
TAGAA,2791,7439,0.795377063084499,0.9253504878425434,4.7869039257424485e-06,0.8595414100217554
TATTG,2479,7751,0.791647802309305,0.9213114127473551,0.00022886423308502728,0.8592619079238446
CAATC,1516,8714,0.7808578594162799,0.9088592090032633,1.2152919933672143e-06,0.859162620217755
AGTAC,1266,8964,0.7781222306344435,0.9056756936798651,2.139014385945414e-05,0.8591620997057378
AATTG,2846,7384,0.7950115318078176,0.9264594857264989,6.981115194543242e-05,0.8581179685201191
CAGTA,2234,7996,0.786319479042847,0.9188271568218854,7.799702066375741e-08,0.8557860672758446
TAAAG,3156,7074,0.79693999336325,0.931359491528852,6.134422532361198e-05,0.8556738838351787
TTATG,2638,7592,0.7905470859635086,0.9244094374812671,1.5035405396872526e-05,0.8551914918972566
GAATC,1792,8438,0.7808110790606252,0.9130559621299923,2.043866577453955e-08,0.8551623464996997
ACTGT,3255,6975,0.7972319028047903,0.9331311567741827,2.2796469920759066e-07,0.8543621087102121
CAATG,2012,8218,0.7824561544791345,0.9161934630466655,3.75756673866482e-06,0.854029401036319
TAGTC,1476,8754,0.7747060998779424,0.9093115671361289,4.021994510118936e-07,0.8519699164477522
CATTA,2254,7976,0.7836006756914434,0.9199277506420515,0.0010007092509559613,0.8518067588944237
CAGTT,3270,6960,0.7956079644838955,0.9341870141188473,4.80136756880061e-09,0.8516581288965318
GTACA,1871,8359,0.778313972505852,0.9148647230016829,4.6938412650110435e-06,0.8507421402720545
ACACA,2642,7588,0.7870412743878277,0.9257006609379119,1.9403559028356213e-05,0.8502114210336679
ATAGG,1525,8705,0.7731765973513899,0.9103372028912863,1.6265869812187723e-07,0.8493298910510677
CACAT,2651,7579,0.7860433306660511,0.9262143808594556,4.106246986800159e-05,0.8486624121908618
GTAAA,2711,7519,0.7865788825822158,0.9271398206475767,0.00013989868812225976,0.8483929446939473
ATACC,1451,8779,0.7712149685799198,0.9095052674245417,1.2931212240745939e-05,0.8479499747855002
GAAAA,4544,5686,0.8087716338640186,0.9547170872056656,9.335812136073906e-08,0.8471322496501968
TTACA,2784,7446,0.78590827414902,0.9287686042034172,1.3074767537740044e-05,0.8461830757329215
ATAAG,1997,8233,0.7750659128448489,0.9177423823853217,4.515579783552062e-05,0.8445353813020604
ACTTA,2277,7953,0.7781261240330436,0.921889409997017,6.104903544017639e-06,0.8440558223090571
ACACT,2435,7795,0.7799998613425356,0.9242180884875486,6.107410996920691e-09,0.8439564979938651
CAAAT,3234,6996,0.7890354186468348,0.9365121666989212,1.0296318889392649e-07,0.8425255396607157
ACATT,3306,6924,0.7897042358443724,0.9377263804777615,7.208979752822454e-07,0.8421478293508461
ATTCA,2804,7426,0.7828500371775475,0.9303081279132336,2.2167391464039e-06,0.8414954289752923
CACAA,2387,7843,0.7773585029754129,0.9241393491683291,1.2501021554425028e-05,0.8411702235977612
AGAAT,3291,6939,0.7884260908570945,0.9380125950596365,5.3277372351056915e-08,0.8405282562404914
AAAGT,3514,6716,0.7907411308648907,0.9417682144535869,3.135043981302175e-07,0.8396345499127702
TGTAC,2271,7959,0.7742163703922232,0.9228966308542249,2.788178821024318e-07,0.83889825199125
TGAAT,3245,6985,0.7866846217506936,0.9378365160413049,9.472809958930905e-07,0.8388291650994382
TAGTA,1742,8488,0.7669920222646691,0.9151130489331365,6.775944696795694e-07,0.8381390945729046
TTATT,4419,5811,0.8017729037090565,0.9568998796488032,9.033031390965118e-08,0.8378858862468657
TATGA,2128,8102,0.7708095847329446,0.9211672260945212,3.463451550349581e-07,0.8367748687726887
TGTTA,3081,7149,0.782443874037677,0.9361966829234064,7.356146357242783e-07,0.8357686886845032
TTAGT,2353,7877,0.7728860163309574,0.9248418009017104,1.269912414662659e-09,0.8356953757684852
ATTTA,4030,6200,0.7944263143649131,0.9519421960062766,3.669981363736446e-07,0.8345320941731582
TATCA,2072,8158,0.7678587433823734,0.920884572915082,4.251171134343105e-06,0.8338273503178562
AATTA,3132,7098,0.781582867945159,0.9376813355487853,1.693490968117977e-05,0.8335271678280036
ATAAT,2991,7239,0.7792263938905534,0.9356145210668423,2.0877681680876626e-05,0.8328498290108131
AAAGA,4142,6088,0.7941656001886196,0.9550173696038524,1.6023296007161414e-08,0.8315718912191563
TCAAA,3190,7040,0.7807492917840503,0.9393450882582949,4.856509608295618e-07,0.831163436678731
ACTAT,1650,8580,0.7596904152116729,0.9149289600268363,1.4603009739386478e-05,0.8303272149013514
AATTT,4597,5633,0.7996740419124415,0.9635146620731444,8.522311828281047e-09,0.8299552392818024
TTTTT,5681,4549,0.814999419478061,0.9834178852659159,3.636163003799095e-11,0.828741709591427
ATAAC,1805,8425,0.7596086889160126,0.9178024900458296,1.0827461090244263e-05,0.827638513900831
CATAC,1508,8722,0.7552302545069786,0.9131727170755553,9.700869603349438e-10,0.8270398801725165
TATAG,1857,8373,0.758743630413452,0.9189767992895898,1.6073415966770637e-08,0.8256395928602277
TTGTA,3517,6713,0.7814306170209899,0.9467135680123187,6.154115320167226e-10,0.8254139830927425
CAATA,1827,8403,0.7573906588396596,0.9186989085361725,0.0004743843363343118,0.8244166307397309
AATCT,2770,7460,0.7701854597794622,0.9343385976595718,4.877473975074436e-10,0.8243108672901907
TATTT,5306,4924,0.8056325909305619,0.9806850395312661,1.769696899846862e-11,0.8214998276262344
AACAT,2876,7354,0.7696439981391949,0.9369164432256175,1.0056385609615385e-06,0.8214649275334129
ATGTA,2874,7356,0.7695679824511441,0.9369006634808221,7.675785816833426e-08,0.8213976277826563
GTAAT,2227,8003,0.7602062088733785,0.9259778126913036,1.3012611515704923e-06,0.8209766999318061
ATTGT,3166,7064,0.7734120450372929,0.9420947236043952,4.934744922759995e-09,0.8209493436904806
AAACT,3659,6571,0.7802049585412554,0.9509678464201891,2.0629492072245646e-10,0.8204325324754657
GCATT,2817,7413,0.7675517988657519,0.9363801760049497,2.570732940057874e-11,0.8197010344030335
ACGTA,471,9759,0.735295368627731,0.897351731069357,5.2441020588076425e-06,0.8194059733427979
ATCAA,1956,8274,0.7550361937720329,0.9217704697983345,1.0184235580745094e-07,0.8191151902894223
AACAC,2134,8096,0.7561457249552349,0.9251438593225104,5.023560680162548e-07,0.8173277240460375
ATACG,422,9808,0.7327332815879344,0.8966523467882757,4.1033464893732185e-06,0.8171877140705827
AAATT,4339,5891,0.7874475024206968,0.9653445848117659,1.381424007395056e-09,0.8157164962749985
TTTAT,4721,5509,0.7919545539972616,0.9738177913792783,5.695532884727263e-11,0.8132471608221158
TACAT,2564,7666,0.7587213293295013,0.9337618280366129,3.972194496279779e-07,0.8125426704632348
GTTAA,2285,7945,0.7546506033249576,0.9287857814388909,6.075380562451734e-07,0.8125130879542966
ATATC,1818,8412,0.7473229892610991,0.9207021478427055,1.3770333637518323e-08,0.8116881132645877
GCATA,1528,8702,0.7416095067538317,0.9159274116076375,3.239585117810332e-12,0.8096815286400888
TACAC,1490,8740,0.7398400536599614,0.9154711650087155,3.8669812248871884e-10,0.8081522192486729
TTCAA,3211,7019,0.7637824540001084,0.9475814506817448,1.0707275042779813e-14,0.8060335641338263
ATATG,2316,7914,0.7500453938296722,0.930815583778114,4.261863173566009e-08,0.8057937650606272
ATTAT,3002,7228,0.7590638567704379,0.9442266137388852,1.164439622242533e-07,0.8039000868284656
AATCA,2714,7516,0.7546073297105269,0.9387407356699237,4.5780763326719357e-10,0.8038506278008788
TATTA,2672,7558,0.750962019756038,0.9390062378064808,6.132504119432558e-09,0.7997412472043698
TGTAT,3508,6722,0.763739134993372,0.9557248998174305,1.5838530410989167e-12,0.7991202647741699
ACAAT,2185,8045,0.7428167386361082,0.9298353123939862,7.947513460761022e-07,0.7988691424545132
TAACA,2283,7947,0.7437013261550006,0.9318874461454196,6.9845906366090985e-09,0.7980591746687691
ATACT,2073,8157,0.7402392333802668,0.9279224875974283,1.3070639165699866e-12,0.7977382198128316
TTTAG,3161,7069,0.7572233438842557,0.9492144111064342,3.2160471334378143e-16,0.7977368811769433
ATATT,3683,6547,0.7652506732570649,0.9600063284746825,2.200536620067138e-09,0.7971308631610196
TATAT,2955,7275,0.7533853410756024,0.9453369043644139,1.0073092015771692e-07,0.7969490428199586
TACAA,2340,7890,0.7434778644553525,0.9333132394555123,2.066529120932277e-08,0.7966005763392917
TTATA,3180,7050,0.7565985822333452,0.9500136412237558,1.4222593153372286e-08,0.7964081244757035
CATAA,2192,8038,0.7385130530546721,0.931171815107449,3.182664806645835e-07,0.7931007372355382
CAATT,2286,7944,0.739551281495535,0.9331527483170599,1.2777293887228604e-14,0.7925297148074792
TAATA,2568,7662,0.743535542762718,0.9389428854496026,1.591335649981261e-07,0.791885805073952
GTATA,2050,8180,0.734662424766624,0.9287923828065938,1.3415368383821808e-09,0.7909867031280399
TATAA,2900,7330,0.7477484471272695,0.9461267620000593,9.762192096249879e-09,0.7903258602965325
ATTTT,6036,4194,0.8019651961634754,1.0164324602019024,3.8708975131949255e-18,0.788999985305639
AAAAG,4470,5760,0.7716724799632395,0.9816325827593464,1.6560234721504632e-14,0.786111314473778
AATAT,3404,6826,0.7528316529421943,0.9582391906701269,7.409311790564629e-10,0.7856406419943182
GAATA,2244,7986,0.73314016249019,0.9339360302406122,7.054573086531781e-09,0.7850004055430962
TCAAT,1927,8303,0.724714540649317,0.9282253092012865,2.0431143828783528e-14,0.7807528338921449
CTATA,1638,8592,0.7192502698124578,0.9224217551416096,5.354422880552307e-14,0.7797412255330415
ATCTA,1566,8664,0.7155905012085975,0.9213948450181039,1.8763343400660307e-15,0.7766382730245656
TTTTA,5695,4535,0.789217648212959,1.0163142570136081,4.914392133475795e-19,0.7765488310004015
AACAA,3011,7219,0.7384740632218534,0.9530453328395228,2.695629272548153e-11,0.7748572263835852
CATAT,2231,7999,0.7242420588605811,0.9360914650345743,3.6838388755522586e-10,0.7736872794089961
AATAC,2103,8127,0.7200455987970524,0.9338407490906011,1.274546431644044e-13,0.7710582339636088
TTTAA,5127,5103,0.7748714177637503,1.0054505003438698,3.837480947060476e-18,0.7706708758897031
AAAAC,3721,6509,0.7461271957507302,0.9720756439915577,4.5150252669328674e-17,0.767560837844848
ATATA,2662,7568,0.7213368199076077,0.9491782568096543,1.7919705238616664e-11,0.7599592750176773
TAAAC,2267,7963,0.7121645660907974,0.9404875789026345,1.789008840996291e-10,0.7572291033569571
AAACA,3940,6290,0.7397196642063004,0.9839561502633852,2.14685759572747e-16,0.751781127653191
ATTAA,3011,7219,0.7186682268966155,0.9613062239844586,3.053462729243941e-14,0.7475955205177514
CAAAA,4115,6115,0.7401045902903686,0.9906867167759034,5.0329071973479525e-21,0.7470621920711416
ACATA,2249,7981,0.6989356736340577,0.9437004550966696,8.986130714269389e-11,0.7406329729516354
ACAAA,3618,6612,0.7254255825726807,0.9798835306082209,3.0823645886435926e-20,0.740318170387458
TAAAT,3793,6437,0.7273415196500693,0.985672406104832,1.2360548707293253e-17,0.7379140525241734
ATACA,2442,7788,0.7002820000161974,0.9493439930778071,2.1891020982018588e-20,0.7376483183359682
TATAC,1741,8489,0.680693835758597,0.9327944038253972,3.417633845314765e-19,0.7297361915627562
AAAAA,4670,5560,0.7391352949974944,1.0165139990092118,2.520594874040564e-24,0.7271275119850035
TTAAA,4976,5254,0.7361134598669127,1.0355308499870117,1.2177390695844663e-28,0.7108561370973597
AAAAT,5341,4889,0.742825988924032,1.0505514533209779,4.3957237026915537e-32,0.707081967833016
TAAAA,4983,5247,0.7320872177383906,1.0397539653400258,3.867390074071124e-30,0.7040965864448322
AATAA,3718,6512,0.6844052420726245,1.007211451490095,1.1647552492766732e-25,0.6795050245508006
AAATA,4544,5686,0.6962027860746142,1.044677137215348,2.5047654099025564e-38,0.6664286613282129
ATAAA,3858,6372,0.643729910323242,1.0389312096833725,4.278573417129941e-43,0.6196078280480446
