Motif,Count_With_Motif,Count_Without_Motif,Mean_Value_With_Motif,Mean_Value_Without_Motif,Pvalue,MFE_ratio
CGCGG,280,11247,-101.3389642857143,-73.87610918467148,9.058662261833806e-48,1.3717420341181297
GGCCG,762,10765,-98.12805774278216,-72.87375104505341,7.074355389496719e-129,1.3465487412897896
GCGCG,211,11316,-99.65545023696684,-74.07495669848004,1.2688013302669089e-33,1.345332547983949
GCGGC,482,11045,-98.51155601659752,-73.49723313716613,9.70917230360871e-79,1.3403437355627763
GCGGG,710,10817,-97.72605633802817,-73.02154109272442,7.836187844175013e-118,1.338318184957688
CGGGG,850,10677,-97.23330588235294,-72.736836189941,5.4037358433219636e-145,1.3367821722193578
GGCGG,716,10811,-97.41703910614525,-73.02829617981686,5.63346835858509e-125,1.3339629185141637
GGCGC,610,10917,-97.53452459016393,-73.258537143904,1.455138871928156e-103,1.331374176890454
CGGCC,747,10780,-96.99842034805891,-72.98716975881263,2.8349389862206632e-117,1.3289790612321575
CCGGC,726,10801,-96.8848347107438,-73.04148875104157,4.973696538060136e-111,1.3264356514004136
GGGGC,2171,9356,-92.9018010133579,-70.2832086361693,2.287931e-317,1.3218207138817017
GGGCC,2016,9511,-93.04063988095238,-70.62239301861004,2.073013908937083e-283,1.3174382218460765
CGGGC,783,10744,-96.07968071519795,-72.97367088607594,1.5157952017910584e-118,1.3166348841789026
CGGCG,281,11246,-97.26715302491102,-73.97540814511827,4.321413841806599e-46,1.3148579435222731
GGGCG,728,10799,-96.05008241758243,-73.09334660616724,2.709509505628486e-108,1.3140742198480513
GCCGG,746,10781,-95.89168900804292,-73.06597810963731,1.4414549786853272e-109,1.312398622299356
CGCGC,251,11276,-97.1193625498008,-74.04066601631784,1.218243098504053e-34,1.3117029839844585
CCCGG,1021,10506,-95.14289911851125,-72.54127260612982,3.7994869471976835e-151,1.3115692033016741
GGCCC,2110,9417,-92.48162559241705,-70.52386959753638,4.909488012716311e-296,1.3113521155346206
CCGGG,933,10594,-95.12725616291534,-72.73039267509911,3.964931420160694e-140,1.3079436623952714
CCGCG,335,11192,-95.92385074626866,-73.90323624017155,4.6858320251635726e-45,1.297965496863145
GCGCC,663,10864,-95.06304675716441,-73.2909342783505,5.8098686501216904e-95,1.2970641961818352
CTGGG,3854,7673,-87.33717176959003,-68.11704027108041,0.0,1.2821633386010411
AGGCG,753,10774,-93.064807436919,-73.24872006682754,1.61652607728099e-98,1.2705315171652487
CCAGG,3359,8168,-87.66374813932718,-69.14752448579823,0.0,1.2677785472613974
GAGCG,554,10973,-93.29373646209386,-73.59653513168686,3.278803720034429e-63,1.2676376176563562
GGAGG,3116,8411,-87.99475930680359,-69.55984306265604,0.0,1.2650223955730073
GCCCG,833,10694,-92.48135654261705,-73.14592668786236,9.032212412705053e-88,1.2643404866174615
CGGGA,642,10885,-92.86591900311527,-73.46252549379881,3.534486048909026e-73,1.2641264151877594
TCGGG,591,10936,-92.95915397631134,-73.54797457937087,1.837677074533539e-70,1.2639254106990054
CGGGT,561,10966,-92.83288770053476,-73.60753784424585,1.5095294477514022e-67,1.2611872427654067
CCGAG,860,10667,-92.19106976744187,-73.12038905034218,2.713222771692668e-113,1.2608120794320423
CGGAG,732,10795,-92.40546448087431,-73.33197869383974,3.6263787665985407e-79,1.2600977926242272
GGGAG,3185,8342,-87.62303924646783,-69.54928434428194,0.0,1.2598697466492599
CCTGG,3719,7808,-86.51340145200324,-68.8417225922131,0.0,1.2567001259464277
CAGGG,2949,8578,-87.76059342149881,-69.99924457915598,1.4418675880444103e-287,1.2537362931432507
ACGGG,579,10948,-92.2337823834197,-73.60761326269638,2.2072667150676677e-66,1.2530467745808962
GGGGG,1833,9694,-89.77718494271687,-71.66267072415928,2.5190125717195045e-182,1.2527747575621784
CGCCC,943,10584,-91.47622481442205,-73.03452664399094,9.208176305816799e-95,1.2525065748741788
GCCCC,2387,9140,-88.67353162966066,-70.85293107221005,5.106762995586191e-226,1.251515361295197
AGCGG,549,10978,-92.1105282331512,-73.66467753689197,1.4122625418009838e-57,1.2504029246177228
TGGCG,714,10813,-91.72403361344537,-73.40872560806436,2.657193870943664e-84,1.2494976973605025
GAGGG,2761,8766,-87.83957261861644,-70.35528747433266,6.253010980718898e-269,1.248514159659464
GGCTG,3250,8277,-86.93602153846155,-69.67711006403286,0.0,1.2476984401127982
GGGTG,2478,9049,-88.29520581113802,-70.77732235606145,3.1575340354980623e-248,1.247507010323856
CCCCG,1244,10283,-90.53684083601286,-72.60835164835164,2.205899412579314e-126,1.2469204820196222
GCGGA,506,11021,-91.8913438735178,-73.74670991743037,5.1876403581239375e-53,1.2460399111553975
GCCGC,717,10810,-91.46075313807532,-73.42110545790935,1.0814204987933648e-67,1.2457011177870059
CGCCG,384,11143,-92.09239583333334,-73.93843937898232,2.905213564050469e-44,1.2455279906747863
CGAGG,828,10699,-91.22993961352657,-73.25181044957472,5.224906453725306e-91,1.245429144394017
GCTGG,3203,8324,-86.9108335935061,-69.78425156174916,2.3475567626073827e-300,1.2454218774074313
GGGCT,2499,9028,-88.1027050820328,-70.78985932653966,1.349415334605357e-234,1.2445667489694026
GAGGC,2515,9012,-88.02657654075547,-70.78036728806036,5.3824096817855995e-253,1.2436580921162343
CAGGC,2913,8614,-87.32557157569516,-70.22058509403297,6.6504212981666205e-289,1.2435893471801291
CCCAG,3958,7569,-85.48881758463871,-68.81949663099485,0.0,1.2422180017244757
GCCTG,3192,8335,-86.76674185463659,-69.86203599280144,1.2921138959378955e-298,1.2419727055131489
CCGGA,511,11016,-91.55724070450098,-73.75397240377632,6.03093693355156e-45,1.2413872462795388
GCAGG,2859,8668,-87.16594963273873,-70.37979464697739,2.099237180680508e-261,1.238508155216424
TCCGG,538,10989,-91.3017472118959,-73.72273819273819,3.1849931303029526e-47,1.2384475868652594
GGCTC,2200,9327,-88.18231818181818,-71.32608663021338,1.4119774399871052e-202,1.236326319695557
ACGCG,224,11303,-91.65142857142857,-74.20415730337078,6.17704126091338e-23,1.2351252531138877
CCGCC,1070,10457,-90.08367289719627,-72.95304389404227,1.413255965428287e-100,1.2348171932076568
GGCAG,3032,8495,-86.60514841688656,-70.2381047675103,1.0494042795187327e-261,1.2330222847491623
TGGGC,2581,8946,-87.3019643549012,-70.86218868768165,5.111671002690504e-224,1.2319964422729912
CGGCT,708,10819,-90.52166666666666,-73.49756631851372,1.1521449450353454e-68,1.2316280824099157
TGGGG,3468,8059,-85.8276989619377,-69.68718823675394,1.276997343115454e-296,1.2316137461357788
GGCCT,2467,9060,-87.46715038508309,-71.02406732891832,4.9487879552816796e-210,1.231514241222141
GGTGG,2756,8771,-86.9610740203193,-70.64129403716794,1.5301036692602153e-252,1.2310232308961484
GGGCA,2513,9014,-87.35366096299244,-70.97179498557799,5.077104867004752e-220,1.2308222017034143
GGCGA,491,11036,-90.73692464358453,-73.8227328742298,4.731002720562933e-53,1.22911901403286
AGCCG,737,10790,-90.20780189959294,-73.47324930491196,3.8729644923718195e-73,1.2277638834949718
AGGGC,2311,9216,-87.48965382951103,-71.2967578125,3.287706890612132e-197,1.2271196687456105
AGGCC,2540,8987,-87.0818779527559,-70.99939245576947,1.045579356675033e-217,1.226515818526269
GGAGC,2124,9403,-87.71846516007534,-71.56710517919814,1.1911235740238223e-187,1.225681336983458
AGGGG,2574,8953,-86.92460372960373,-70.98353401094606,4.531520910801575e-211,1.224574190913057
CGTCC,634,10893,-90.1622239747634,-73.63413751950795,1.3082526688593165e-57,1.2244622808391918
GCCCA,2706,8821,-86.68471914264596,-70.81857612515587,2.7345601747698874e-227,1.2240392829905287
TGCGG,554,10973,-90.25947653429603,-73.74972751298642,3.9759585837290686e-47,1.2238618307898486
GCGTG,797,10730,-89.77066499372647,-73.41214259086674,1.6501192731860703e-74,1.2228312895596498
CCAGC,3423,8104,-85.46690622261174,-69.92920656465944,2.8896730272148776e-268,1.2221918483171335
GCCGA,560,10967,-90.09658928571427,-73.74901249202152,1.5978140622593479e-52,1.221665026300675
GTCCG,410,11117,-90.2188048780488,-73.96508050733112,1.8818858257476304e-35,1.2197486200140981
TGGCC,2826,8701,-86.27429936305732,-70.73305826916446,1.2028083682025795e-230,1.2197167982579364
CACGG,703,10824,-89.62052631578948,-73.5639578713969,1.7639929510336638e-59,1.2182667832046552
CCCGC,1057,10470,-88.96030274361401,-73.08772397325693,2.139840491753152e-84,1.2171716111472415
CTGCG,706,10821,-89.50917847025495,-73.56677109324463,7.418604033591634e-56,1.2167066345320987
GGCGT,654,10873,-89.59108562691132,-73.63808884392533,4.690942129968921e-60,1.2166405597081436
CAGCC,3428,8099,-85.1964439906651,-70.03409062847267,2.4457552455218394e-260,1.2164996107770993
ACCGG,381,11146,-90.03057742782151,-74.01380405526646,6.498115060251969e-30,1.2164025154090885
GCTCG,589,10938,-89.65033955857386,-73.72970012799415,6.307313123488118e-54,1.2159325129892244
GTGGG,2778,8749,-86.12996400287976,-70.86415247456851,2.788895169490638e-216,1.215423609755155
CGTGG,937,10590,-88.96816435432233,-73.26688762983947,3.5762127158832214e-75,1.2143024936968685
GGGTC,1653,9874,-87.77168784029037,-72.32863176017825,1.2160147237395852e-137,1.2135123491802944
GCGCA,475,11052,-89.65823157894737,-73.8935803474484,2.335486112191079e-38,1.2133426362259536
GGGGT,2267,9260,-86.70492280546978,-71.56581533477322,4.988643197319287e-187,1.2115410465161094
CTCGC,690,10837,-89.13008695652174,-73.61444587985605,2.8721457090120308e-58,1.2107689719214665
GGTCG,364,11163,-89.61719780219781,-74.05167517692378,3.168257604546032e-26,1.2101981162220163
GCGAG,557,10970,-89.29791741472172,-73.79403555150411,4.0100028882802744e-50,1.2100966798650925
CGCGT,182,11345,-89.83494505494505,-74.2978889378581,5.998304001436763e-14,1.2091184061781615
CCCGA,738,10789,-88.93315718157183,-73.55888775604784,1.0070198154186104e-69,1.2090062791122063
CTGGC,2744,8783,-85.84103134110788,-71.01351702151884,2.176532557669424e-192,1.2087984786768966
GGGAC,1801,9726,-87.20739589117159,-72.19812769895128,1.2412428507340296e-141,1.207889992034216
GTGCG,537,10990,-89.04608938547486,-73.8345550500455,4.410997924621673e-44,1.2060218867049297
TCGCG,152,11375,-89.59453947368421,-74.34207824175824,2.0056327311417492e-11,1.2051659247717748
TCCCG,974,10553,-88.28488706365503,-73.27490097602576,1.733757412385802e-76,1.2048448498421072
CGGTG,635,10892,-88.79571653543307,-73.71228699963275,4.7368315003221877e-51,1.2046257164138112
CTCGG,1036,10491,-88.17149613899613,-73.19739205032884,8.448155956743608e-81,1.2045715519259408
GCCGT,570,10957,-88.86956140350877,-73.79792461440175,4.8278743597286295e-46,1.2042284639826548
GCTCC,2220,9307,-86.34667117117117,-71.72772107016225,5.7997411611970775e-149,1.2038117185782193
CAGCG,840,10687,-88.39521428571427,-73.45443342378591,1.0752718934894271e-59,1.2034020298778896
CCGTG,901,10626,-88.29528301886793,-73.37713721061547,1.3248009467827088e-67,1.2033078200561667
ACCCG,591,10936,-88.74651438240271,-73.7756327724945,8.412647923523432e-45,1.2029244758370916
GGCCA,2683,8844,-85.58688035780841,-71.19288896426957,2.6796758578309528e-195,1.2021829933150054
GAGCC,2418,9109,-85.96725392886684,-71.51066966736195,2.1574149997634456e-183,1.2021598221461347
GTGGC,2589,8938,-85.7108651989185,-71.30835533676438,4.3042873516789083e-187,1.201975067215281
CCCTG,3498,8029,-84.41097484276729,-70.24410511894382,8.318553212822176e-224,1.2016805495612024
CTGCC,3293,8234,-84.6787579714546,-70.48972067039107,1.612665257867438e-218,1.2012922900831353
GACGG,618,10909,-88.58543689320388,-73.74770464753873,5.146672416114512e-55,1.2011958516753694
GCCTC,2819,8708,-85.31940404398722,-71.0546750114837,5.6565489050361445e-189,1.2007570793927085
CGACG,158,11369,-89.24981012658229,-74.33881959715015,7.066661445018597e-12,1.2005814809844488
GCCAG,2839,8688,-85.26740401549841,-71.0388294198895,3.907155043072253e-195,1.2002929202494037
CGCGA,220,11307,-89.0185909090909,-74.26155655788449,1.725980696291201e-20,1.1987170083043408
AGCGC,544,10983,-88.50915441176471,-73.8514549758718,1.3805488124641255e-34,1.198475432077564
CGCTG,1038,10489,-87.70707129094413,-73.24049671083993,3.2594357151989126e-71,1.1975215246999147
GGACG,544,10983,-88.41630514705882,-73.85605390148412,1.1711141287033018e-43,1.1971436392336434
CGCCT,1068,10459,-87.39392322097379,-73.23097810498135,3.3191099215299143e-81,1.1934010098252266
AGCCC,2569,8958,-85.24969637991435,-71.47276624246483,2.164735089359496e-160,1.1927577574192743
CCTCG,979,10548,-87.45772216547498,-73.34455821008721,3.203944891528744e-67,1.192422782273256
CCGAC,455,11072,-88.13753846153847,-73.98454931358381,1.9107778031623317e-33,1.1912965514997889
CCTGC,3256,8271,-84.19852579852581,-70.7422451940515,1.80608206360636e-193,1.190215628123799
ACGGC,454,11073,-88.02052863436123,-73.9906249435564,8.261682461691377e-31,1.1896173157276009
CGGCA,576,10951,-87.80102430555556,-73.8458697835814,1.181740381027707e-38,1.1889767777517177
GCCCT,2659,8868,-84.91832267769838,-71.43230604420387,1.0967711889860954e-155,1.1887943618276733
GCGAC,316,11211,-88.10509493670887,-74.16094014806886,1.530145826083929e-24,1.1880255935375046
GACCC,1639,9888,-86.21061622940819,-72.60925465210356,3.5145136042695763e-103,1.1873226993235715
CGCCA,687,10840,-87.41617176128092,-73.72736162361625,8.379550892352392e-48,1.1856679777522365
GGGGA,2712,8815,-84.62192109144543,-71.44241179807148,7.782685660883029e-163,1.184477384814852
TCGGC,671,10856,-87.34464977645305,-73.75195744288872,4.71391275850257e-51,1.1843028009675554
GGTGC,1829,9698,-85.7487315472936,-72.42989069911322,2.732794077264965e-113,1.1838859719326271
GTCGG,389,11138,-87.66799485861182,-74.08481414975758,1.9712186423017787e-23,1.1833463559940467
CCGGT,501,11026,-87.47742514970061,-73.9554979140214,2.451583584820178e-35,1.182838701882576
GCGCT,580,10947,-87.35243103448276,-73.86453822965197,8.324074649627349e-33,1.1826030884115952
CCTCC,3560,7967,-83.43390730337077,-70.57045311911637,6.9538224993394995e-193,1.1822781860638205
CCACG,877,10650,-86.9215621436716,-73.5238779342723,5.1354338622907195e-52,1.1822222193091656
GGACC,1666,9861,-85.77950180072028,-72.64484940675388,1.5914923622156427e-96,1.1808063820247283
CGTGC,725,10802,-87.00900689655172,-73.70653397518977,1.5636902183802633e-47,1.180478882996176
CACGC,774,10753,-86.8952583979328,-73.65410397098485,5.091470220307089e-46,1.1797748355225957
CGTCG,146,11381,-87.65945205479454,-74.37494332659696,1.4456402873874779e-09,1.178615379508423
TGCGC,523,11004,-87.00797323135755,-73.95077608142493,5.6765511765683644e-33,1.176566059774082
TGCCC,2892,8635,-83.97692946058092,-71.38369774174869,1.675927851579309e-152,1.176416074218961
CCGTC,686,10841,-86.77179300291544,-73.76939950189097,6.757548249265866e-41,1.1762572772561497
GACCG,403,11124,-87.13483870967741,-74.08703434016542,7.774161914800793e-24,1.1761145453549122
GGTCC,1519,10008,-85.67495062541146,-72.85364308553159,2.258714382768033e-85,1.1759871846741747
CGCAG,772,10755,-86.59966321243523,-73.67778428637844,8.95453718821937e-44,1.1753836526330745
CGACC,413,11114,-87.00888619854722,-74.07997480655031,5.928611411175855e-28,1.1745264010383236
CTCCG,860,10667,-86.41356976744186,-73.58618543170526,1.459930646503711e-49,1.1743178323551176
GCGGT,408,11119,-86.99416666666667,-74.08632880654736,1.1270671935340993e-25,1.1742269871925222
CCCCC,2165,9362,-84.7323233256351,-72.18692907498398,1.2104195645335934e-112,1.173790385758336
AGGAG,3269,8258,-83.2461914958703,-71.09805158634052,2.0886315763851782e-172,1.1708645966869746
GCAGC,2569,8958,-84.01820163487739,-71.82593770931011,1.8122289854613865e-128,1.169747368630412
TGGGA,3746,7781,-82.59876134543512,-70.66502377586428,3.3791636420331923e-186,1.1688775709949852
CCCCA,3283,8244,-83.1258604934511,-71.1253408539544,1.1813322820756684e-149,1.1687235448774584
GTCCC,2281,9246,-84.30014467338887,-72.13615401254597,3.997100724067449e-117,1.168625439314762
CGCTC,632,10895,-86.22930379746835,-73.86531344653511,5.237462272626811e-32,1.16738560731733
GCTGC,2833,8694,-83.57671726085422,-71.599570968484,1.1414359670068696e-137,1.1672795818517154
CACCG,748,10779,-85.96915775401071,-73.75030893403842,8.046003077600104e-37,1.1656786120164013
GGCAC,1921,9606,-84.53979177511712,-72.54409431605248,4.698451061236008e-97,1.165357326080922
CGCAC,519,11008,-86.15134874759153,-73.99590843023256,9.22844966161591e-30,1.164271789822268
GCGTC,576,10951,-86.03309027777777,-73.93885946488906,3.936384668461177e-30,1.1635706974710887
GACGC,481,11046,-86.12133056133057,-74.03903222886113,4.696312429892117e-27,1.163188226111897
TGAGG,3160,8367,-82.9944588607595,-71.35138281343373,5.906312745880404e-152,1.1631794029524212
GCACG,756,10771,-85.7885052910053,-73.75391328567449,8.489093504804362e-40,1.1631722503823854
CCGCT,773,10754,-85.76253557567918,-73.73675562581366,8.675407891576549e-39,1.1630907116512128
GCCAC,2418,9109,-83.74522332506204,-72.1005115819519,9.736216591747717e-117,1.1615066452042349
CTCCC,3631,7896,-82.3885706416965,-70.93548758865248,1.0297915435899884e-154,1.1614577335318996
CGAGC,553,10974,-85.91226039783001,-73.97029615454711,1.53585853902212e-31,1.161442698814297
CCCGT,881,10646,-85.5200454029512,-73.63482528649257,1.9967326927360403e-45,1.161407595797458
TGGAG,3457,8070,-82.57472953427826,-71.10268525402725,2.496286323618895e-166,1.1613447402058734
ACGCC,673,10854,-85.7543982169391,-73.84805601621522,7.958881803682752e-37,1.1612275643127223
AGGTG,2927,8600,-83.14194396993508,-71.61663255813953,6.509760022012119e-147,1.1609306525608996
CGGTC,367,11160,-86.02555858310625,-74.16560304659497,2.69916276693016e-18,1.15991180613822
CCACC,2848,8679,-83.17513693820224,-71.71064869224566,4.371344809727413e-126,1.1598714898697644
ACCCC,2219,9308,-83.87865705272647,-72.31765900300817,5.133260301541239e-97,1.1598641080076637
AGGCT,3102,8425,-82.76145712443585,-71.51732581602374,5.719057561239412e-145,1.15722247972942
GCACC,1831,9696,-84.15919716002185,-72.72731229372937,1.8497774630987985e-86,1.1571883313949738
TGCCG,679,10848,-85.32132547864506,-73.86857761799409,1.1262106389779593e-31,1.1550422145648724
CCCAC,2695,8832,-83.05759554730982,-71.94511888586956,7.653854643619856e-112,1.1544576871027008
CACCC,2549,8978,-83.1409572381326,-72.10216195143686,1.9448489991714096e-102,1.1530993660652054
TCCGC,674,10853,-85.10511869436202,-73.8872809361467,1.8234972846001063e-32,1.1518236645886288
CCCCT,3004,8523,-82.55766644474033,-71.71844186319372,7.263275522200851e-117,1.151135806913136
CAGGA,3572,7955,-81.93550111982083,-71.2238717787555,5.078589162047126e-146,1.1503938086143244
GTGCC,2272,9255,-83.2590801056338,-72.40355267423013,1.32101445569162e-95,1.1499308670701096
AGCCT,3289,8238,-82.19896625114018,-71.48666059723233,9.068929190501133e-138,1.149850413551456
CCCTC,3117,8410,-82.3162399743343,-71.66228180737218,9.151171451593386e-116,1.1486689775745613
AGAGG,3145,8382,-82.24882352941177,-71.65198759246003,1.6142286702200409e-127,1.147893119130541
GTGAG,2641,8886,-82.74695948504355,-72.10497299122216,3.6707277714092053e-118,1.1475901876437415
CTGAG,3547,7980,-81.67597688187202,-71.37278446115289,2.8524022286231447e-134,1.1443574395829688
AGACG,680,10847,-84.5415,-73.91640914538584,1.0640842312127505e-34,1.143744683723958
TCGCC,676,10851,-84.41473372781066,-73.92822320523453,8.311985470711626e-30,1.1418471872841336
TGGGT,2789,8738,-82.21475080674077,-72.09459487296864,5.079498715488097e-109,1.140373296383785
AGGGA,3201,8326,-81.80296157450796,-71.75212947393706,2.606509549152214e-116,1.1400771262715168
GAGCT,2474,9053,-82.4574696847211,-72.38039655362864,4.860866682045006e-96,1.1392237900164872
GAGGT,2263,9264,-82.64254971277066,-72.5647042314335,5.33290286573846e-94,1.138880817996522
GAGGA,2894,8633,-81.97674844505875,-72.05129155565852,6.738011976909798e-107,1.1377554333184015
GAGAG,2678,8849,-82.06032486930545,-72.26827438128602,2.206291149425643e-99,1.1354958392441579
CAGAG,3668,7859,-81.11968920392584,-71.47378674131569,1.1427810248504296e-121,1.1349572046255427
AGCTG,3616,7911,-81.02429480088495,-71.58079383137404,4.557313451555759e-114,1.1319278603106493
GGAGT,2372,9155,-82.14734822934233,-72.57302020753687,4.80153892583755e-90,1.1319268234176527
CGGAC,471,11056,-83.91261146496815,-74.14405481186687,2.475056775092069e-16,1.1317510443404806
TCCAG,3452,8075,-81.13760428736964,-71.72414860681114,4.555373655730644e-111,1.13124527601105
AGGGT,2381,9146,-82.06104997900042,-72.58606494642466,1.0405658864785157e-81,1.1305344908774044
CGAGA,697,10830,-83.59150645624104,-73.96087072945521,5.479420683842696e-34,1.130212579054324
GGAGA,3176,8351,-81.30505667506297,-71.9715782541013,3.5621828832719837e-106,1.129682836577643
CTCCA,3403,8124,-81.08746400235087,-71.80192885278188,1.1443487649033004e-103,1.1293215279579392
CCGCA,680,10847,-83.49457352941177,-73.98204111735964,1.877970036330254e-23,1.128578939812733
CAGCT,3673,7854,-80.7391151647155,-71.64562515915458,9.258389455613932e-107,1.1269231720061137
ACGCT,533,10994,-83.49859287054409,-74.10903765690375,2.552295758801643e-19,1.1266991923051322
GGAAG,3448,8079,-80.83445765661253,-71.85818789454142,6.035719174875718e-106,1.1249164503736808
CTCCT,3617,7910,-80.67963229195465,-71.73720353982301,7.68368748157439e-100,1.1246553853631538
CAGGT,2692,8835,-81.41659361069837,-72.44890096208263,2.838675345032687e-82,1.1237795539963973
TGAGC,2589,8938,-81.47379297025878,-72.53567464757216,5.513538965550014e-84,1.1232237566702743
AGCGT,686,10841,-83.11236151603498,-74.00096208836824,3.549001708650194e-24,1.123125418515321
GGTGA,2589,8938,-81.43641946697568,-72.54650033564556,1.2789636031154147e-88,1.1225409784097067
TCAGG,3088,8439,-80.97924870466322,-72.18812537030453,1.0035641205007086e-88,1.121780740104591
CAAGG,2699,8828,-81.29175620600223,-72.47995695514273,7.79086879557137e-81,1.1215756689302818
GATGG,2452,9075,-81.40271207177814,-72.68981377410468,7.69325224455933e-81,1.119864088863265
TCCTG,3937,7590,-80.19000000000001,-71.61416073781291,1.0632087289405927e-98,1.1197506076149404
CTCTG,4090,7437,-80.0093227383863,-71.53709560306575,5.3431120536170713e-101,1.118431242754528
TTGGG,3362,8165,-80.56294467578822,-72.06453031230863,8.201436443871781e-91,1.1179278394884378
TCGCA,431,11096,-82.96549883990718,-74.21605803893294,6.0997585430345915e-15,1.1178914783696055
GAGAC,2251,9276,-81.40821856952465,-72.87727576541614,7.841588134958196e-69,1.1170590244285292
ACAGG,2697,8830,-80.97883574341861,-72.57753001132502,5.535346601506563e-75,1.1157562916619324
TCCCA,3878,7649,-80.0515317173801,-71.75051248529219,1.1926417717016099e-92,1.1156928214803972
TCTGG,3303,8224,-80.48320314865273,-72.15752553501946,1.0860866361073356e-87,1.1153819723154539
AGGCA,3126,8401,-80.61811260396674,-72.28273895964766,1.1856291039662638e-83,1.1153162395931393
TCCCC,3209,8318,-80.4978716110938,-72.24595335417168,3.483367530201853e-75,1.1142197988096123
TGTGG,3712,7815,-80.08364762931035,-71.91158157389636,7.863050116621419e-91,1.113640471764849
CTGGA,3384,8143,-80.30705378250592,-72.14791108927915,6.2625789720595315e-84,1.113089105007216
TCGCT,656,10871,-82.40603658536585,-74.06872872780794,4.27953612877287e-22,1.1125617787797646
CTTGG,3347,8180,-80.23638780997909,-72.21373105134475,1.6120445666931456e-81,1.111096001298287
AGCGA,568,10959,-82.37343309859155,-74.1373665480427,3.284022986087752e-19,1.1110919760713605
AGAGC,2585,8942,-80.8014661508704,-72.73403265488705,3.866065858658199e-67,1.1109169009542232
GACAG,2648,8879,-80.73533987915408,-72.69651199459398,5.655163385591169e-70,1.110580654614597
GTCGC,406,11121,-82.44613300492612,-74.25468752809999,3.4502027863613056e-11,1.1103155335981485
AGCTC,2619,8908,-80.69236731576937,-72.73531656937584,2.894071539610033e-67,1.1093973481067343
CTCAG,3708,7819,-79.87821736785331,-72.0131832715181,6.3209154198284614e-83,1.109216587005756
ACCGC,587,10940,-82.190800681431,-74.13286197440586,6.919795487198691e-16,1.1086959074884648
GAGTG,2369,9158,-80.82952300548754,-72.91705284996723,2.0415431868728705e-64,1.108513301707364
CCAGA,3108,8419,-80.27858108108107,-72.42590331393276,4.830260908485356e-73,1.1084236082373813
TGCAG,3762,7765,-79.78444444444445,-72.00391886670958,1.253337095955339e-82,1.1080569738452406
CCTGA,3167,8360,-80.2162677612883,-72.39408971291866,6.438010348091078e-73,1.1080499537930342
GGTCT,2168,9359,-80.94471863468634,-73.06030131424299,4.6680066622167375e-56,1.1079165727298512
GCGAT,468,11059,-82.21835470085469,-74.21840311058867,2.1825424191976906e-16,1.1077893252209394
AGGTC,1893,9634,-81.12032223983095,-73.2508553041312,3.3367809833227346e-48,1.107431741281742
CTTCG,672,10855,-81.99776785714286,-74.0817144173192,1.095085363917202e-19,1.1068556998455883
TGGCT,3386,8141,-79.99138511518014,-72.27719936125784,1.2437764237067864e-75,1.1067305571064678
CGTGA,797,10730,-81.87844416562108,-73.99835880708295,1.8153457162915085e-25,1.1064900017456043
TCCGA,447,11080,-82.10961968680088,-74.23795216606499,1.638065869015197e-12,1.1060329291293964
ACTCG,549,10978,-81.99092896174864,-74.17074968118055,1.5664589282018152e-16,1.1054348151283728
ATCCG,358,11169,-82.12206703910614,-74.30027844927925,5.315203473836167e-10,1.105272668596611
GCTCT,2722,8805,-80.39061719324027,-72.73551959114141,1.1001687466309839e-61,1.1052456577629397
CACCT,2946,8581,-80.18440936863543,-72.60648409276308,1.694380813207639e-64,1.1043698144946763
GGTGT,2467,9060,-80.49724361572761,-72.92194370860928,7.120485090861812e-60,1.1038823092454677
TCACG,668,10859,-81.76232035928143,-74.09911409890414,8.902154663510303e-19,1.103418324949861
AGTCC,2078,9449,-80.72587102983637,-73.18352735739231,1.4977942386797784e-49,1.103060674236307
CGAGT,530,10997,-81.80609433962263,-74.19316904610348,4.019459540705479e-17,1.1026095177143398
GACGA,389,11138,-81.88845758354756,-74.28666726521817,1.8193830325278977e-11,1.1023304799929912
GAAGG,2976,8551,-80.04097782258064,-72.62981639574319,1.1842707679425643e-64,1.102040206001014
AGTGG,2896,8631,-80.08082527624309,-72.68513961302281,5.4108328688546205e-64,1.1017496245119025
GCTCA,2566,8961,-80.28714341387374,-72.89841535542907,4.686433157424832e-58,1.1013564975647225
AGACC,2107,9420,-80.54736117702895,-73.2002356687898,9.544801989464875e-48,1.1003702439085414
CGTCT,904,10623,-81.33396017699114,-73.96532147227714,2.0100551986051748e-22,1.099622884860655
GGATC,1283,10244,-81.01491036632892,-73.73266106989458,3.2457098950148142e-31,1.098765583538768
CCACT,2744,8783,-80.02088556851312,-72.83185699647045,9.193434713095114e-55,1.0987071985874404
CTGCT,3874,7653,-79.27080020650492,-72.15006272050175,1.0186579365299272e-68,1.0986934344546284
GGTCA,2093,9434,-80.4563784042045,-73.23132393470426,2.525106452929352e-48,1.0986607107628201
TGCGT,706,10821,-81.40212464589234,-74.0957037242399,2.7218868321063167e-16,1.098607888911408
GCTGA,2696,8831,-80.03112388724035,-72.8678065904201,2.4767978757442713e-56,1.098305652825318
AGCAG,3326,8201,-79.61029765484064,-72.48819168394097,1.4566661880128568e-62,1.098251947047501
TTCGG,541,10986,-81.48378927911276,-74.20141816857819,1.7866438497860415e-14,1.0981432874232908
ACCTG,3017,8510,-79.80869075240305,-72.67646180963574,5.8935995759056e-60,1.098136711187854
CTGTG,4249,7278,-78.99929159802306,-71.9416762846936,2.5485902522977677e-72,1.0981019025105905
ACCAG,2618,8909,-80.05393048128343,-72.92382085531484,1.1415862692565265e-52,1.0977747674537672
AAGGG,2881,8646,-79.86965984033321,-72.76833448993753,9.030267453121737e-58,1.097588125386842
CTGAC,2331,9196,-80.21847704847706,-73.10463679860808,1.4094315119952997e-49,1.0973103836007898
CCTGT,3660,7867,-79.34334699453552,-72.31001144019321,1.8783170747821354e-66,1.0972664146258573
GCAGA,2954,8573,-79.78625253893026,-72.73660562230258,1.8561106901124777e-58,1.096920207594429
ATGGG,2332,9195,-80.19492281303602,-73.10983686786297,5.745957803370331e-49,1.096910159408213
CGCTT,605,10922,-81.34148760330578,-74.16662790697674,5.810932806931054e-16,1.09673973185525
AGGAC,2220,9307,-80.25313513513514,-73.18121306543462,1.1565931952175403e-44,1.0966357590079465
GTGGA,2716,8811,-79.91210603829161,-72.88823402564977,5.302919486167713e-56,1.096364963516198
CCAAG,2976,8551,-79.73444556451614,-72.73649865512806,8.511989477019466e-58,1.0962095651946082
CGGAT,354,11173,-81.44341807909605,-74.32458068558131,4.696180069880326e-10,1.0957803909265211
CACGA,619,10908,-81.25043618739903,-74.16258617528419,1.7579370890346117e-16,1.095571775171953
AAGCG,568,10959,-81.27830985915493,-74.19412628889496,1.680189102729878e-14,1.095481730490036
GACTC,1801,9726,-80.4304497501388,-73.45304030433887,2.594444165363753e-39,1.0949914314899745
GTCCT,2607,8920,-79.85437667817415,-72.9909360986547,1.233294598405609e-50,1.0940314091909003
GAGCA,2499,9028,-79.92178471388556,-73.05438303057156,7.838982064837205e-50,1.0940039652438123
GGACA,2284,9243,-80.03533274956216,-73.18606621226874,4.896779717717611e-43,1.093587029495858
TGGTG,3140,8387,-79.47001592356688,-72.69865983069036,3.6333819127623243e-60,1.0931427911965157
CACAG,3550,7977,-79.20376056338027,-72.46911871630938,1.784031579397966e-59,1.092931195609465
CCTCT,3649,7878,-79.1372321183886,-72.41530210713378,3.7936635346010594e-58,1.0928247181971311
ATCGG,322,11205,-81.24841614906833,-74.35051494868361,7.229233119238586e-10,1.092775432761234
GGATG,2273,9254,-79.97127144742632,-73.20994272746921,4.213420291520999e-46,1.0923553340989047
GTCTC,2690,8837,-79.69303717472118,-72.97558447436913,2.1500717562190963e-50,1.092050687209109
GGGTT,2413,9114,-79.85285122254454,-73.13743471582183,1.753841373036935e-48,1.0918191420414964
ACGAG,522,11005,-81.01586206896552,-74.23618627896411,2.328443155121226e-13,1.091325755400807
TCGGA,568,10959,-80.97628521126761,-74.20978008942421,3.1899616411619354e-12,1.0911807731230254
CCTCA,3255,8272,-79.28659293394777,-72.6766985009671,3.536339197182019e-53,1.0909492941935537
TGCTG,4081,7446,-78.7832590051458,-72.21931641149611,3.4781147676459912e-62,1.0908890158451405
GTCAG,2552,8975,-79.70736677115988,-73.07479777158774,1.044672161760442e-47,1.0907641102244823
GGACT,2227,9300,-79.90405927256398,-73.25948064516129,1.867366952275059e-43,1.0906992319476887
TCGAG,700,10827,-80.84877142857142,-74.13552877066591,1.4725592419860384e-16,1.0905536490968122
TCTGC,3147,8380,-79.29072449952336,-72.76033412887828,1.2884909632203245e-51,1.089752066820886
TGCTC,2769,8758,-79.5121271217046,-72.97218885590318,2.459965186876249e-46,1.0896223392546946
TCCGT,666,10861,-80.75292792792793,-74.16242150814843,4.534224129100329e-14,1.0888658472277013
TGCGA,450,11077,-80.84217777777779,-74.28730974090458,1.2445067420536926e-09,1.08823671310396
ACTCC,2416,9111,-79.6474917218543,-73.18967950828669,4.9778368884794196e-42,1.0882339184561731
CTGCA,3664,7863,-78.8857041484716,-72.51968587053288,2.621761271473986e-54,1.0877833129242145
TTCGC,397,11130,-80.83078085642317,-74.31892991913747,8.313129981795897e-09,1.0876203538502358
CGGAA,571,10956,-80.72206654991244,-74.22117652427893,3.017267389564776e-12,1.0875880756687677
CTGGT,2870,8657,-79.33381533101046,-72.95500288783644,2.1911249341507653e-49,1.0874348871314696
GACCT,2266,9261,-79.67111650485437,-73.28849584278156,2.6630778328819794e-41,1.0870889842761244
ACCTC,2484,9043,-79.48702898550724,-73.1851962844189,6.983325263784877e-42,1.0861080248606234
AAGGC,2533,8994,-79.45039873667588,-73.16117967533911,4.637078658617847e-42,1.0859638826115965
TCTCC,3452,8075,-78.9147537659328,-72.6744,4.1601497453762666e-50,1.0858672898012613
ACCCT,2505,9022,-79.43673453093812,-73.18449235202837,4.64668033308053e-39,1.0854312433956026
GGGAT,2202,9325,-79.60685286103542,-73.34747667560322,1.2839062635568875e-38,1.0853386710645248
CAGAC,2364,9163,-79.5128214890017,-73.26107170140783,4.346763812295022e-38,1.0853352215904553
TGCCT,3803,7724,-78.65595845385224,-72.51824184360434,2.836455700635843e-51,1.0846368645214086
GTTCG,406,11121,-80.57637931034483,-74.32294757665677,1.770523552545981e-09,1.084138640051086
GGGAA,3284,8243,-78.86230207064555,-72.8224808928788,1.2330608488345985e-48,1.0829389647772543
GCTGT,3365,8162,-78.77721248142645,-72.79762190639549,4.2130999729255384e-47,1.0821399163659442
CATGG,2557,8970,-79.22169730152523,-73.20954626532887,1.3113517273724706e-39,1.0821225009974367
CGGTT,554,10973,-80.32839350180505,-74.2511236671831,5.2498697311149865e-11,1.0818475133367973
GTCCA,1978,9549,-79.52124873609706,-73.51204105141899,4.883448164354843e-31,1.0817445359798248
AGCCA,3278,8249,-78.79290420988407,-72.85445144866044,1.879094215486947e-44,1.0815111862506903
GAGTC,1797,9730,-79.58867000556482,-73.61137410071942,3.096289230171203e-31,1.0812007108665966
CGACT,457,11070,-80.29641137855582,-74.3056955736224,1.177392378779699e-08,1.0806225654532469
ATGCG,489,11038,-80.27085889570552,-74.28946004710998,1.6058848110245224e-10,1.0805147708006289
GTCTG,2739,8788,-78.9613106973348,-73.16619025944468,3.993413278025194e-39,1.0792048952848416
GATCG,345,11182,-80.24855072463768,-74.36717581827938,4.057977326902945e-08,1.0790856294009308
CTCAC,2630,8897,-79.01157034220532,-73.2223311228504,1.4425124778078427e-35,1.0790638474708198
ACGGT,586,10941,-80.11462457337883,-74.24479846449137,5.5235080487273977e-11,1.0790604356168438
CCTTG,3323,8204,-78.60323502858863,-72.89870307167234,2.436686072060932e-42,1.0782528593314988
GTGTC,2223,9304,-79.17269005847953,-73.43708297506447,3.498168744363558e-33,1.078102327203854
ACTGG,2609,8918,-78.96506324262171,-73.24956941018166,1.8472041420429086e-36,1.0780276782302232
CAGCA,3520,8007,-78.48473295454546,-72.81044710877983,4.1327200460708825e-42,1.0779323032763166
TCCAC,2449,9078,-79.03906900775827,-73.33034038334436,7.490967347145589e-32,1.0778494766909679
TTCCG,655,10872,-79.98796946564886,-74.21517568064753,2.847915773334501e-10,1.077784546517036
CACTC,2360,9167,-79.07930932203391,-73.37540525799062,4.222397984846667e-31,1.0777359122445478
TCCTC,3294,8233,-78.58962052216151,-72.92424389651403,5.017108787424671e-41,1.0776885206199347
ACAGC,2673,8854,-78.90246913580246,-73.22715269934494,5.1667602848878265e-36,1.077502896497412
ACACG,790,10737,-79.88343037974684,-74.15028406445003,1.4371611220142544e-12,1.077317927876226
GGTTG,2140,9387,-79.1555046728972,-73.49171513795675,1.511707105751199e-32,1.0770670479564741
ATCGC,384,11143,-80.08067708333333,-74.35237637979,7.871354425723473e-08,1.0770426041836687
TGACC,2282,9245,-79.03854513584575,-73.43359113034073,9.550088036391605e-32,1.0763268406083604
TCCCT,3667,7860,-78.3198309244614,-72.7812582697201,1.4176282461850005e-40,1.0760988857078548
CACCA,2713,8814,-78.79953925543678,-73.23307919219424,8.796298872196414e-36,1.0760101872629693
ACGAC,349,11178,-79.97636103151864,-74.37356951154052,1.9680261028834927e-06,1.0753330996048096
GACCA,2192,9335,-79.0038458029197,-73.49577718264595,3.354926940262459e-28,1.0749440149001421
ACGGA,550,10977,-79.83760000000001,-74.27792930673226,4.769544294791304e-10,1.0748495649401988
CGACA,421,11106,-79.87676959619954,-74.34102197010624,2.777410288233911e-07,1.0744642389812629
TCGGT,501,11026,-79.82153692614772,-74.30336658806456,1.4110003307824675e-08,1.074265414764794
TACGC,284,11243,-79.93242957746479,-74.40707106644133,5.9552369162298016e-06,1.0742585137653062
AAGCC,2559,8968,-78.77701445877295,-73.33509478144514,6.413557458571539e-31,1.0742062131854597
CACTG,3759,7768,-78.17916733173716,-72.7837306900103,5.204346629631691e-42,1.0741297071553848
CTGTC,3192,8335,-78.4577850877193,-73.0440623875225,1.8412203582615775e-36,1.0741158490265128
CAGTG,3992,7535,-78.0582740480962,-72.6809396151294,4.892920817415944e-43,1.0739854831464979
GTGTG,3211,8316,-78.42472749922143,-73.04445767195767,7.992576004377375e-39,1.073657468324654
CAGTC,2399,9128,-78.79923718215923,-73.42464285714286,1.7495658166217702e-30,1.0731987806256456
GAAGC,2581,8946,-78.70623401782254,-73.34213279678069,8.645383839923826e-31,1.0731380588004567
CCATG,2732,8795,-78.62358711566618,-73.27571006253554,3.038794125774731e-33,1.072982944123866
GGTTC,1864,9663,-79.01997854077253,-73.67963054951879,2.4759578427703048e-26,1.0724806564775673
CGCAT,387,11140,-79.73677002583979,-74.36278096947936,2.4955646987516887e-06,1.0722671877826364
TGTCC,2907,8620,-78.48138630890953,-73.21509512761021,6.096287146499069e-33,1.0719290355645983
TGCCA,3278,8249,-78.28877974374619,-73.05478118559826,1.5901138483418306e-35,1.0716448461443033
CTAGG,1623,9904,-79.04351201478742,-73.80572394991923,7.682659593512548e-22,1.0709672337666154
TCACC,2428,9099,-78.64212520593081,-73.44943730080229,8.116007081584269e-28,1.0706974497825295
CTCTC,3121,8406,-78.30953860942006,-73.1448298834166,5.29815776092191e-33,1.07060934770421
CATCC,2438,9089,-78.6301558654635,-73.44693475629882,3.213270670876756e-28,1.0705709656415603
TGACG,640,10887,-79.47496875,-74.2532864884725,3.5115395567142567e-10,1.07032257437303
GAACC,1763,9764,-78.9149064095292,-73.7538437115936,8.115234800249653e-23,1.0699768640956173
CCTTC,3207,8320,-78.23578422201435,-73.11987379807692,7.770739595342322e-32,1.0699660729457108
ACGCA,521,11006,-79.49746641074856,-74.30867981101218,2.911904673981593e-07,1.0698274631299185
ATCCC,2201,9326,-78.69081326669696,-73.56433948102081,1.37164832976645e-25,1.069686941007589
AACGG,499,11028,-79.48679358717436,-74.31951396445412,1.1412207157039265e-07,1.069527898489644
GATCC,1489,10038,-79.00850906648759,-73.88083682008369,1.2514803084110475e-18,1.0694046313916412
TGGCA,3060,8467,-78.26586274509803,-73.19782331404275,1.1509656445534197e-31,1.069237570211777
GCGAA,385,11142,-79.4865974025974,-74.3723900556453,4.203192321405691e-06,1.0687648647989618
CACGT,920,10607,-79.2311195652174,-74.13659658715942,7.029105582276478e-12,1.0687180584567104
ACGTG,913,10614,-79.23374589266156,-74.13973054456379,1.328697811020014e-12,1.06870830674298
TCGTG,871,10656,-79.25149253731342,-74.15835773273272,3.722712631746415e-13,1.0686791746782796
GGCTT,2675,8852,-78.40418691588785,-73.37644713059197,4.599908094618772e-29,1.0685198041320771
ACGTC,457,11070,-79.43492341356672,-74.34126016260163,1.919364023128804e-07,1.0685173111112733
GCGTT,548,10979,-79.37007299270074,-74.30227798524456,5.2884603473397055e-08,1.0682051095184804
ACCCA,2471,9056,-78.46449615540268,-73.47324867491167,1.4706410250638338e-25,1.0679328540728503
GTGGT,2521,9006,-78.43180483934945,-73.45468909615812,9.240521910416207e-30,1.0677576313293748
GTTGG,2568,8959,-78.40904984423676,-73.43510101573837,1.4997540916301562e-29,1.067732579647877
GGAAC,2056,9471,-78.63833171206227,-73.65421813958399,6.285189936846203e-24,1.0676690853337518
CGTTG,700,10827,-79.25362857142856,-74.23865983190173,2.3257835844261267e-10,1.0675519837087875
GTGCA,2609,8918,-78.35761594480644,-73.42728078044405,2.6067184711473203e-28,1.0671458225329717
CATCG,539,10988,-79.29812615955474,-74.30995813614852,6.458084161900097e-09,1.0671265083243224
TAGGG,1753,9774,-78.73054192812323,-73.79219050542255,3.696861907144253e-22,1.066922412641183
ACCGA,464,11063,-79.29577586206896,-74.34387327126457,2.7077586564182057e-06,1.0666080790912786
TCAGC,2963,8564,-78.15763752953089,-73.29267048108362,4.3215608568546445e-29,1.0663772655098287
CCACA,3079,8448,-78.05964923676518,-73.26158262310607,7.032072522322709e-28,1.0654922599521601
GCTTG,2486,9041,-78.31895816572808,-73.50498617409579,2.867441939261626e-25,1.0654917746699584
AGTGC,2669,8858,-78.22307980517047,-73.4344219914202,1.431485160404667e-27,1.0652099885025277
CGAAC,365,11162,-79.22380821917808,-74.390146927074,2.45642764249908e-05,1.0649771709261793
TGGTC,2195,9332,-78.4106833712984,-73.63352550364337,6.937764329598713e-24,1.0648774839311295
GACGT,546,10981,-79.12419413919413,-74.31542664602495,1.0310582763420187e-08,1.0647075272281492
CGTGT,1031,10496,-78.89998060135791,-74.11524676067073,1.2777273789934708e-12,1.0645580234811578
GTGAC,2209,9318,-78.38377546401087,-73.63272698003864,4.962839307119422e-25,1.0645235981177257
AGCAC,2460,9067,-78.22984146341463,-73.54296900849235,3.096384426553019e-23,1.0637297149966989
CTTCC,3595,7932,-77.73941585535465,-73.09459278870399,1.6489918574422966e-28,1.063545371681289
CCCAA,2886,8641,-78.03238392238393,-73.37785557227173,4.865790045196793e-26,1.0634323300103508
TGGAC,2134,9393,-78.3419915651359,-73.68015543489832,4.4406927782029615e-22,1.0632712580846364
ACACC,1905,9622,-78.40835170603673,-73.77796715859489,5.620672635437332e-19,1.06276107523386
ACCGT,544,10983,-78.97363970588236,-74.32375944641718,8.887689833218985e-07,1.0625625007951522
CGATG,511,11016,-78.92391389432484,-74.33999546114741,1.7647307875801035e-07,1.061661537705812
GTGCT,2888,8639,-77.93309556786704,-73.40996990392406,1.233262937580058e-25,1.0616145963533654
CCAGT,2922,8605,-77.91381245722107,-73.39864613596747,2.3566816689824144e-25,1.0615156621947694
GACTG,2431,9096,-78.10886877828055,-73.59024296394018,4.365015818831041e-22,1.0614025125118085
GCCTT,3055,8472,-77.83777741407529,-73.35518177525968,1.5654180133176197e-25,1.0611080980284264
CCTAG,1887,9640,-78.29809750927399,-73.8081950207469,2.441113154561583e-18,1.060832032097046
GGCTA,1517,10010,-78.44062623599208,-73.95255544455544,4.808995466112018e-16,1.060688515284661
GCAGT,2879,8648,-77.87519972212574,-73.4339512025902,6.576140973109996e-25,1.0604794981994499
GGCAT,2221,9306,-78.12490319675823,-73.68838383838384,1.918370278105718e-21,1.060206495614081
CGTCA,527,11000,-78.81364326375711,-74.33861090909092,1.286611829668542e-06,1.060197955005357
GCAAG,2192,9335,-78.11338047445257,-73.70487198714515,1.6970871459429635e-20,1.0598129861493593
ACTGC,2723,8804,-77.89030848329048,-73.50797364834166,4.5514722500963166e-23,1.059617135630941
CGTTC,573,10954,-78.73277486910996,-74.32404874931531,6.764320635984808e-08,1.0593176259095447
CACAC,2565,8962,-77.84067446393763,-73.59943985717474,1.534189382337608e-20,1.0576259087704107
GTCGT,514,11013,-78.60249027237356,-74.35374829746662,4.859599846075456e-06,1.0571422701907243
CGTAG,384,11143,-78.585859375,-74.40388943731492,7.211581584654307e-05,1.0562063350358637
CCCTT,3406,8121,-77.44567234292425,-73.32588966876001,7.576747176937249e-23,1.0561845576340745
CCGTT,689,10838,-78.4353846153846,-74.29576766931169,3.545372569034027e-08,1.0557180721854607
GCATC,1824,9703,-77.98358552631579,-73.89647016386685,5.853460537409117e-16,1.0553086683759818
CTCGT,647,10880,-78.41081916537867,-74.31320863970588,5.284602990229547e-07,1.0551397335773687
AACGC,403,11124,-78.43995037220844,-74.40203254225099,0.00015596622575127326,1.054271606460004
AACCC,2089,9438,-77.81089995213019,-73.81993430811612,1.4005812989584744e-15,1.0540635220204373
TTGGC,2633,8894,-77.5726395746297,-73.64636271643805,1.0709156117034867e-19,1.0533125698727182
AGAGA,3655,7872,-77.20236388508891,-73.30854547764227,7.450807434683215e-24,1.0531154776305607
GGGTA,1467,10060,-77.9470279481936,-74.04684095427434,9.869646171752972e-13,1.0526718890860949
CGCAA,391,11136,-78.26485933503835,-74.4125314295977,0.0008447586881700972,1.0517698811131746
CCATC,2614,8913,-77.48016067329763,-73.68185459441267,2.2760540599200175e-17,1.0515500878716073
TAGCG,346,11181,-78.25335260115608,-74.42839191485555,0.0005138514146337564,1.0513911504453328
CAAGC,2165,9362,-77.60154734411084,-73.83594958342235,9.207121129432368e-16,1.0509995169281867
GAACG,500,11027,-78.17034,-74.37873764396481,3.176252036548886e-05,1.0509769656778094
GACAC,1833,9694,-77.69770867430442,-73.94673096760883,8.6088079974229e-13,1.0507254027002038
ATGGC,2127,9400,-77.58919605077574,-73.8539670212766,1.7787217913974725e-15,1.0505758753409016
GCTTC,2782,8745,-77.34874910136593,-73.65069068038879,1.0030459955059102e-16,1.0502107772081197
CGAAG,730,10797,-78.00571232876712,-74.30909882374733,3.959107374588932e-06,1.0497464450993779
GCACA,2659,8868,-77.33525009402031,-73.70603067207938,1.0452124793527939e-15,1.0492391109499228
CCGAT,388,11139,-78.05932989690722,-74.42072807253793,0.0003762239303100138,1.0488923169472724
CCGAA,510,11017,-78.00603921568627,-74.3829018789144,0.00020158751479025326,1.048709276530645
TCGTC,487,11040,-78.00552361396305,-74.39047282608696,9.847156229284966e-05,1.0485956151445293
GTCAC,2094,9433,-77.42835243553009,-73.90273931941059,3.6088622000749585e-14,1.047706122243746
CCAAC,1881,9646,-77.42774056353005,-73.98071013891767,2.6853315266054654e-11,1.0465936379650818
AGTCG,505,11022,-77.83714851485148,-74.392283614589,0.0005672203667621839,1.046306750282188
CCCAT,2633,8894,-77.10140524116977,-73.78586800089947,5.842373291979418e-13,1.044934583411418
CTTGC,2496,9031,-77.10936698717948,-73.83396412357436,1.0719824922453008e-12,1.0443617365325686
TGCAC,2771,8756,-76.9928870443883,-73.76795568752856,2.0638285137926122e-13,1.0437172391020313
TGTCG,631,10896,-77.42099841521393,-74.3765473568282,0.00015124533725677654,1.0409329441413797
GCACT,2539,8988,-76.89704608113429,-73.87827214063196,3.1471846397388353e-11,1.0408614583561984
TGTGC,3109,8418,-76.73617883563847,-73.73327750059396,4.647304875095746e-13,1.0407265408081219
GATGC,1991,9536,-77.01627825213463,-74.02685612416109,6.107488961668919e-10,1.0403829405230927
GTAGG,1560,9967,-77.12432051282052,-74.13921641416675,9.703040909821459e-09,1.0402634967434503
GCCAT,2354,9173,-76.9041546304163,-73.93733020821978,3.4631378917377454e-11,1.0401262043657982
CGGTA,441,11086,-77.38657596371883,-74.43009471405377,0.0010533099373061987,1.039721583870386
GCTAC,1397,10130,-77.10479599141016,-74.18994175715697,2.651792829546425e-07,1.0392890756511748
GGTAG,1659,9868,-77.03420132610006,-74.12441933522499,6.8169497325240415e-09,1.0392553765273451
ACCAC,2230,9297,-76.88273991031389,-73.98203721630634,1.7051420931293638e-09,1.0392082024657765
GGCAA,2260,9267,-76.86827433628318,-73.97617459803604,1.9041945466917907e-10,1.0390950161178505
CCCTA,1775,9752,-76.9403943661972,-74.10688166529943,1.545753858730252e-07,1.0382354868701023
CGCTA,270,11257,-77.28748148148148,-74.47738207337656,0.03912453949737026,1.0377309101082037
ATGCC,2383,9144,-76.73573227024758,-73.97181321084865,1.335876505374738e-09,1.037364489789113
CTACG,295,11232,-77.25077966101696,-74.47209134615385,0.0265656533697668,1.0373118072104017
CGATC,649,10878,-77.10260400616332,-74.39050560764846,0.0005662107618728743,1.0364575879188003
TTCCC,3781,7746,-76.26094683946046,-73.7047340562871,2.952403529190058e-10,1.0346817991531077
GCATG,2329,9198,-76.5888364104766,-74.02523483365948,2.2703503349120398e-08,1.0346314548353375
CATGC,2367,9160,-76.48217574989438,-74.0421615720524,1.2497946921381693e-07,1.0329543887703434
TTGCC,2932,8595,-76.23949522510232,-73.96455031995346,1.5523568286630354e-07,1.030757232962385
GCGTA,287,11240,-76.7233101045296,-74.48753736654804,0.05905729856200536,1.0300153934070806
GCCAA,2449,9078,-76.28781951817068,-74.07255342586471,7.080038389326439e-07,1.02990670619345
GAGAA,3973,7554,-75.94346086081048,-73.80674344718031,1.2844914904759412e-08,1.028950165172364
AACCG,479,11048,-76.56661795407099,-74.45547610427228,0.03141205481005447,1.0283544201213908
TGAGA,3683,7844,-75.89868856910128,-73.90676185619581,1.6864296997217055e-07,1.0269518872546637
GTTCC,2136,9391,-76.11825842696629,-74.18495474390376,6.623486437861352e-05,1.0260605899098618
TCTCG,1498,10029,-76.17289719626169,-74.29978163326352,0.0007062892710004326,1.0252102431773444
GCTAG,1452,10075,-76.15905647382921,-74.31032853598015,0.0005886447851979975,1.0248784788638625
CAACG,419,11108,-76.28601431980906,-74.47746398991718,0.09205218766501094,1.0242831889407071
CAACC,1730,9797,-76.06781502890173,-74.27398081045219,0.0007154448348755938,1.0241515830830104
AGAAG,3781,7746,-75.6525390108437,-74.00171185127807,2.1390246714519708e-05,1.022307959076451
TTGCG,493,11034,-76.09762677484787,-74.47375203915172,0.08597957616229657,1.0218046585707465
GTACG,325,11202,-76.11267692307693,-74.4976691662203,0.141400445916086,1.0216786347134323
GCCTA,1412,10115,-75.93893059490085,-74.34836777063767,0.005204445927099008,1.0213933791952234
GTAGC,1554,9973,-75.91283140283142,-74.32978742605033,0.0020722709502912053,1.021297571695009
GTTGC,2182,9345,-75.77953253895508,-74.25452862493313,0.0008259656336155156,1.0205375206369554
AGGAA,4141,7386,-75.50539000241487,-74.00374898456539,7.786264577268372e-05,1.0202914181842688
GGTAC,990,10537,-75.9150606060606,-74.41431147385404,0.02281339047427285,1.020167479917272
CTCGA,1299,10228,-75.79123171670516,-74.38469886585843,0.01511321476095064,1.0189089002481975
CCTAC,1459,10068,-75.76132282385194,-74.36668057210966,0.01486991095961805,1.0187535901967544
CTAGC,1358,10169,-75.75053019145803,-74.38197364539286,0.012723722795557288,1.0183990351289895
TACCG,334,11193,-75.87254491017964,-74.50353613865809,0.18465856983899281,1.018375084492281
AGGAT,2679,8848,-75.51179544606197,-74.249933318264,0.002777839502520641,1.0169947913944803
GAGAT,2580,8947,-75.49593798449614,-74.26846876047837,0.0024526618733123322,1.016527461041057
AGATG,3630,7897,-75.32894214876033,-74.18202481955174,0.0025619509342415013,1.0154608523021376
TAGCC,1616,9911,-75.47235148514852,-74.39170517606699,0.03467682593552125,1.0145264355283146
CTACC,1513,10014,-75.40025776602776,-74.4137128020771,0.07629485081059421,1.0132575694291002
TACGG,343,11184,-75.44291545189503,-74.51561069384836,0.391970685440861,1.012444436131062
TAGAG,2360,9167,-75.27233050847458,-74.35549361841387,0.02964510207612101,1.012330452606042
GTCGA,339,11188,-75.42592920353982,-74.51645691812656,0.3796084406757747,1.0122049856236794
AAGAG,3430,8097,-75.16532944606415,-74.27966283808819,0.022414728771475254,1.0119234064094569
TCTCT,4175,7352,-74.99715449101797,-74.28541757344941,0.06104409434738353,1.0095811121592584
TAGGC,1385,10142,-75.133761732852,-74.46255669493196,0.22351989378345655,1.0090139939818332
AGACT,2679,8848,-75.05646509891751,-74.38779837251357,0.12069450254223978,1.0089889301879247
TTGGA,3516,8011,-74.98149601820249,-74.35083884658596,0.10504946553690919,1.008482179641817
TACCC,1509,10018,-75.06963552021206,-74.4639079656618,0.2624309027858615,1.0081345120219796
GAGTT,2570,8957,-74.9688326848249,-74.42107960254549,0.19114518887732,1.00736018726421
TTGAG,3297,8230,-74.89380649074917,-74.40274969623331,0.21288854610234256,1.0065999818087465
CGTAC,307,11220,-75.01091205211726,-74.53040641711229,0.6720350285462791,1.0064471087453328
TCGAC,342,11185,-74.9791812865497,-74.5298730442557,0.6861440612814258,1.0060285657809616
AAGGT,2620,8907,-74.72261832061069,-74.49042887616481,0.5831965226163899,1.0031170372885339
TCGTT,718,10809,-74.70345403899722,-74.53255897862891,0.8068289665410223,1.0022928913579543
AGTGA,3320,8207,-74.60000602409639,-74.52022541732667,0.8368808687923123,1.0010705899817522
CTTCT,4199,7328,-74.57297451774232,-74.5261449235808,0.9023296130253817,1.0006283646391416
AGAGT,2764,8763,-74.57356367583213,-74.5336277530526,0.9210303403263854,1.000535810800889
AGACA,2976,8551,-74.57266129032257,-74.53295170155538,0.9234955039742718,1.000532778963675
TGAGT,2710,8817,-74.56380073800739,-74.5368730860837,0.9484974807553797,1.0003612661869057
ACAGA,3710,7817,-74.52383018867926,-74.5523986183958,0.9413243251862338,0.9996168006630776
ATGAG,2647,8880,-74.51980732905176,-74.55017792792793,0.9412081431280213,0.9995926153401601
ATCGT,575,10952,-74.5135652173913,-74.54475986121255,0.9662220508216969,0.9995815313661305
AGGTT,2658,8869,-74.49105342362678,-74.55883301386854,0.8687340502147449,0.9990909247435626
TCTCA,3651,7876,-74.45714050944946,-74.58309928897917,0.7441051494052846,0.9983111619022204
TTCGT,739,10788,-74.4171853856563,-74.55183629959214,0.8512589018440018,0.998193861873573
CCGTA,366,11161,-74.41120218579235,-74.54753247916854,0.897206325697065,0.9981712299677487
TTTGG,4532,6995,-74.45251765225066,-74.60195854181559,0.6847238481805038,0.997996823508579
CTCTT,4051,7476,-74.41259935818319,-74.61397405029429,0.6002951420951346,0.9973011128991016
TCACA,3120,8407,-74.37663461538462,-74.60502081598666,0.570621723829424,0.9969387288133682
ACTCT,2730,8797,-74.32693040293042,-74.61032056382858,0.5066147716298983,0.9962017297505681
CATCT,3307,8220,-74.29164801935289,-74.64440754257907,0.37432944384424205,0.9952741332560653
TGTCT,3919,7608,-74.27538402653738,-74.68116193480547,0.2880100398650623,0.9945665292591146
TGGAA,4194,7333,-74.26343586075345,-74.70321287331242,0.23752694108457886,0.994113010730813
ATCTC,2939,8588,-74.20279686968357,-74.65969841639497,0.26059928649164377,0.9938802117286469
GTTAG,1778,9749,-74.14771653543306,-74.61533182890554,0.30493812829226824,0.9937329864786405
TCACT,3369,8158,-74.17338676165035,-74.69592669772003,0.18618017250327062,0.9930044386732855
AATCG,465,11062,-74.04120430107528,-74.5643057313325,0.5468720599245294,0.9929845597685569
ACGAT,529,10998,-74.02869565217392,-74.56795144571741,0.49302265552911406,0.9927682632674166
CTAGA,1513,10014,-74.0594646397885,-74.61629119233073,0.2877127300663801,0.9925374667697305
CGTTT,1002,10525,-74.02719560878243,-74.59232874109263,0.3645220787275564,0.992423709758791
TCAAG,2654,8873,-74.08810851544838,-74.67932717232053,0.14966205752669878,0.9920832353576523
TCTGA,3458,8069,-74.1241093117409,-74.7228082785971,0.12426198408561533,0.9919877346602926
GGATT,2696,8831,-74.07044881305637,-74.68753029102028,0.13098591150020011,0.9917378245664377
TCTTG,3746,7781,-74.11081954084356,-74.75136614830998,0.0956186067009621,0.991430971225388
AGAAC,2583,8944,-74.01795973674022,-74.69489266547406,0.10121607772585478,0.9909373599107302
GCAAC,1579,9948,-73.92924635845472,-74.64065440289505,0.16599167086128597,0.9904688932575497
CTTTG,4805,6722,-74.10813735691987,-74.85419666765844,0.043815296950798416,0.9900331665564328
GAAGT,2881,8646,-73.98177368969108,-74.73028221142725,0.056439126131964425,0.9899838659832906
GTTCT,3245,8282,-73.99767642526965,-74.75694880463655,0.050664318914129994,0.9898434541335933
GATCA,2038,9489,-73.91786064769381,-74.67751185583307,0.09387820172251898,0.9898275774157315
AGTCA,2735,8792,-73.95951371115173,-74.7247770700637,0.057046639477567135,0.9897589074344854
TGGAT,2682,8845,-73.95485831469053,-74.72160316563028,0.06267848321847322,0.9897386456064096
CGATT,606,10921,-73.79935643564357,-74.58447944327442,0.3007744161223903,0.9894733728318373
AAGGA,3553,7974,-73.96404165493948,-74.8012628542764,0.03012221197682147,0.9888073921830979
ATGGA,3000,8527,-73.89112333333333,-74.77262108596223,0.025655032466568046,0.9882109555633273
GATTC,2038,9489,-73.80056427870461,-74.70270418379177,0.046869500214373076,0.9879235977473103
TGTGA,3932,7595,-73.94452950152595,-74.85314285714287,0.016065278455818375,0.9878613866975364
AGTCT,2925,8602,-73.84413675213675,-74.78091257847012,0.019377595848980297,0.9874730623894115
ACGAA,530,10997,-73.6448679245283,-74.58649904519415,0.2581613572494042,0.9873753141289647
TGACA,3015,8512,-73.82363184079603,-74.79808035714285,0.013362097495930186,0.9869722790786332
GAAGA,3496,8031,-73.85256006864988,-74.84385008093636,0.010580721199915096,0.9867552242273147
TGATC,2002,9525,-73.70454045954047,-74.71947716535433,0.025714600105067837,0.9864167049299902
ATCGA,428,11099,-73.55289719626168,-74.58139201729887,0.26174073244695484,0.9862097663610431
AAACG,833,10694,-73.5357262905162,-74.62168038152235,0.09975456253379454,0.9854472040102294
AGCTT,3220,8307,-73.71870186335404,-74.86280125195617,0.004392617211343328,0.9847173847429035
GAACT,2558,8969,-73.61605551211885,-74.80763072806333,0.003984505356059158,0.9840714750039868
TTCGA,508,11019,-73.35348425196852,-74.5980524548507,0.11733448888555124,0.9833163445703166
GATCT,2001,9526,-73.51177911044476,-74.75986143187066,0.004977310051489303,0.9833054489732664
ATGGT,2638,8889,-73.56979529946929,-74.83208347395657,0.002093870018757171,0.9831317248446438
GGTTT,3646,7881,-73.6543198025233,-74.95442964090851,0.0005276706863147916,0.9826546630450825
CTTGA,3295,8232,-73.59881335356602,-74.9212123420797,0.0008300250711555801,0.9823494715692026
TAGGA,2340,9187,-73.48860683760684,-74.81181778600195,0.001474354003918995,0.9823128084899616
GGAAT,2686,8841,-73.506034996277,-74.85830788372357,0.0009216455513939174,0.9819355669974928
TGTGT,4535,6992,-73.7088269018743,-75.08437929061785,0.0001827866238765536,0.9816799126297708
AACCT,2873,8654,-73.49648451096415,-74.89069909868269,0.0005875844431529363,0.9813833412626928
AAGTC,2541,8986,-73.44371900826447,-74.85410861339862,0.0007652726569320839,0.981158153757218
GAACA,2778,8749,-73.46630669546435,-74.88514230197738,0.0005130950583197119,0.9810531760654001
TCTAG,1584,9943,-73.3197159090909,-74.7381152569647,0.004352966524448748,0.9810217404734243
CTACT,2093,9434,-73.37316292403248,-74.80278566885733,0.0019523609329668125,0.9808881082162688
ATTCG,402,11125,-73.15532338308458,-74.59335460674158,0.1160516737089331,0.9807217247268426
CAAGA,2828,8699,-73.45142149929279,-74.89813656742155,0.0003140772959100983,0.9806842314851658
TAGCT,2460,9067,-73.36591056910568,-74.86261938899305,0.0003096472430655054,0.9800072608719401
CTCAT,2972,8555,-73.41857671601615,-74.93389830508474,0.00015694259374246148,0.9797778892684972
ACTCA,2508,9019,-73.33636762360446,-74.87880031045569,0.0003724312388622456,0.9794009428508986
ATCCT,2797,8730,-73.35296388988202,-74.92454410080184,0.000177865445672012,0.9790244941790309
CATCA,2476,9051,-73.28482633279484,-74.88744669097338,0.0001604621355694409,0.9785996127656504
GAAAG,3635,7892,-73.43590096286107,-75.05321971616827,2.2795223661905834e-05,0.9784510410156488
AAGTG,3471,8056,-73.40997983290119,-75.03146350546176,2.0969634055287314e-05,0.9783892836844034
CTTAG,2375,9152,-73.24909473684211,-74.87903299825174,9.289220146637713e-05,0.9782323809997961
AGCTA,2277,9250,-73.21500219587176,-74.87015675675677,0.00015374449026701114,0.9778929999270285
CGAAT,507,11020,-72.91759368836291,-74.61799364791288,0.03610856124231102,0.9772119313798042
TTCTG,4861,6666,-73.54222382225879,-75.27314131413141,2.4445371498926965e-06,0.9770048457968677
ATCAC,2251,9276,-73.15690359840072,-74.87961621388528,0.00012850010313863417,0.9769935704456092
TTCTC,4565,6962,-73.49230449069003,-75.23228095374893,2.5617800917713684e-06,0.9768719432536069
AGTAG,2267,9260,-73.14432730480812,-74.8856717062635,4.834399237098997e-05,0.9767466277356002
GATTG,1991,9536,-73.06311903566046,-74.85222734899328,5.977871316422102e-05,0.9760981285835193
ATTCC,2687,8840,-73.16785634536657,-74.96125339366516,1.9342228904560344e-05,0.9760756795396628
CTAAG,1936,9591,-73.04651859504132,-74.84531852778646,6.746782639037324e-05,0.9759664335976159
CAGAA,4178,7349,-73.38210148396362,-75.20330521159343,1.1704378625956547e-06,0.9757829297195697
GTGAT,2845,8682,-73.17281195079086,-74.99226675881133,2.928361522441294e-06,0.9757381009181632
TCATC,2490,9037,-73.11620080321285,-74.93639150160452,1.9970025084781634e-05,0.9757101901770557
AATCC,2176,9351,-73.06343749999999,-74.88754892524864,6.579907802534591e-05,0.9756419932094528
CAAAG,3597,7930,-73.28397831526271,-75.11438083228248,1.49120841443977e-06,0.9756317965116861
TCCTT,4177,7350,-73.3675221450802,-75.21134285714285,1.2809129460951373e-06,0.975484805322984
TTCAC,2902,8625,-73.15324603721571,-75.01087420289855,4.589149856599845e-06,0.9752352150881738
TTCCT,4636,6891,-73.42565573770491,-75.29504716296618,4.912056039793417e-07,0.975172451632639
AACTC,2380,9147,-73.05565546218487,-74.93025582158086,1.0865805645333456e-05,0.9749820638026425
CAGAT,3218,8309,-73.1824953387197,-75.07019376579613,1.372035544916283e-06,0.9748542219970063
AGATC,1936,9591,-72.97389979338844,-74.8599770618288,2.7992062046265748e-05,0.9748052652102391
CAAGT,2643,8884,-73.07225122966325,-74.98081382260244,5.309895719366446e-06,0.9745459872247496
TCCAT,3078,8449,-73.13768031189083,-75.05524085690614,2.066235435000677e-06,0.9744513437952832
TCTTC,3853,7674,-73.25899039709317,-75.1879880114673,5.002226471910385e-07,0.9743443379003581
TGATG,3091,8436,-73.0676415399547,-75.08385846372688,1.7077819773411323e-07,0.9731471322195541
GAGTA,1820,9707,-72.83097252747253,-74.86423611826517,8.384403865681818e-06,0.9728406553486949
AAAGG,3813,7714,-73.16982166273276,-75.22206118745139,5.241861159510022e-08,0.9727175845447188
TTCCA,3858,7669,-73.17271643338516,-75.23264702047202,7.233081514592347e-08,0.9726191930143531
CTTTC,4156,7371,-73.22102743022137,-75.28868810202144,4.328762515044078e-08,0.9725369013071625
TCTGT,4691,6836,-73.30916222553826,-75.3900277940316,1.6448707125350774e-08,0.97239866293486
GTAGA,2218,9309,-72.86200180342651,-74.94377376732196,8.839685973610104e-07,0.9722222159460674
GTACC,1278,10249,-72.66882629107981,-74.77692945653234,0.00013361946893876225,0.9718081073832008
ACTTG,3234,8293,-73.01798701298702,-75.13798866513929,6.314621843939638e-08,0.9717852222315893
GAATC,2056,9471,-72.80589980544747,-74.92034420863689,3.7726787800306685e-06,0.9717774334124633
TGACT,2955,8572,-72.96408798646362,-75.08756766215585,1.489513668804842e-07,0.9717199565546394
GGAAA,4280,7247,-73.19647663551402,-75.33856630329791,5.676654678160645e-09,0.9715671564659158
GAATG,3005,8522,-72.95915806988353,-75.10176484393335,3.920014842209632e-08,0.9714706201844616
GTCTT,3144,8383,-72.98258905852417,-75.12850411547178,6.958918990544909e-08,0.9714367391948951
GACTT,2719,8808,-72.892578153733,-75.05274636693916,1.8235160019246415e-07,0.9712179991036581
ATACG,475,11052,-72.48056842105264,-74.63185305827,0.006371650520946067,0.9711747122835378
TGAAC,2673,8854,-72.87947250280584,-75.04548000903546,6.949669141609416e-08,0.9711374021997217
GATGA,2487,9040,-72.82993968636912,-75.01454092920355,7.039292224771606e-08,0.9708776296465482
CTCAA,2712,8815,-72.8657005899705,-75.0593000567215,1.0993856766029607e-07,0.9707751142750689
TGTCA,3167,8360,-72.93071045153141,-75.1540610047847,1.9869970956596215e-08,0.9704160956370443
TACGA,388,11139,-72.40324742268041,-74.61774396265375,0.013072427002029666,0.9703221188102162
TGGTT,3518,8009,-72.97860432063672,-75.23046322886752,2.0473242495895646e-09,0.9700671933737779
CACTT,3428,8099,-72.94085472578763,-75.22141745894555,7.4132862854122276e-09,0.969682002676929
GATGT,2834,8693,-72.82032110091744,-75.10487978833545,3.3667814542237e-09,0.9695817542900478
TTAGG,2367,9160,-72.68673003802282,-75.02292794759825,6.5494120610029045e-09,0.9688602141573679
TGTTG,4041,7486,-73.01670626082652,-75.36721880844243,1.9408383769536416e-10,0.9688125343514387
GACAT,2227,9300,-72.65517736865739,-74.99531505376345,5.937668274515242e-08,0.9687962150245194
GTTGA,2437,9090,-72.67817808781288,-75.0432112211221,1.2102215696295001e-08,0.9684843826000405
CATGA,2633,8894,-72.67773642233195,-75.09546098493367,2.5892735083213315e-09,0.9678046511614492
TATCG,349,11178,-72.18541547277937,-74.61681875111827,0.010001692080562705,0.9674148091672367
TTTCG,706,10821,-72.25175637393768,-74.69270584973663,0.0005031869682454631,0.9673201091320813
ACATG,2942,8585,-72.70411964649898,-75.17344088526501,4.290783041472125e-10,0.967151680039033
AGTTC,2528,8999,-72.61665743670886,-75.08440937881988,3.1042186815241024e-09,0.9671336305029639
CTCTA,2116,9411,-72.52862003780719,-74.99616937626183,6.457855906097148e-08,0.9670976616675613
TCAGA,3713,7814,-72.86102343118772,-75.34253007422573,4.271839092635681e-11,0.9670636672196528
ACACA,3043,8484,-72.71727900098587,-75.1981176331919,1.1671416362897666e-09,0.9670092987658643
TAGTG,2156,9371,-72.52940630797775,-75.00652118237116,3.2471990685224415e-09,0.9669746731971406
GTTTC,3463,8064,-72.78761189719896,-75.29712425595238,4.1716424953897266e-11,0.9666718698283482
ACAAG,2535,8992,-72.58878500986194,-75.09418816725979,2.29578819430812e-09,0.9666365238303465
AACAG,3333,8194,-72.75348634863487,-75.27119111545032,5.7319358542731314e-11,0.9665515487465342
AGTGT,3108,8419,-72.7047072072072,-75.22191234113315,7.635187024262539e-11,0.9665362783850754
CTTGT,3686,7841,-72.80819587628866,-75.35881902818518,1.3212793623086255e-11,0.9661536209724498
ATCCA,2509,9018,-72.55175767237942,-75.09726657795521,3.1472921588220682e-09,0.9661038407711764
TTAGC,2108,9419,-72.44586812144213,-75.01259369359806,7.795626169368042e-09,0.9657827379941005
CAACA,2499,9028,-72.52978391356542,-75.10052946389011,1.467102736402358e-09,0.965769275281065
TAGAC,1491,10036,-72.3103957075788,-74.87492128337983,4.7288265080710944e-07,0.9657492050496448
TCGAA,855,10672,-72.16652631578948,-74.73361413043479,5.758771326993565e-05,0.965650158305406
ACTGA,3124,8403,-72.63742637644046,-75.25171843389263,2.8731202362694633e-11,0.9652593706581095
GCTAA,1906,9621,-72.36876180482687,-74.97397879638291,2.3436299175609112e-08,0.9652517175508135
AGTTG,2914,8613,-72.57344543582705,-75.20962382445141,2.0366569138392124e-11,0.9649489220318729
ACTTC,2555,8972,-72.49025831702544,-75.1278310298707,5.156760662998821e-10,0.9648922020416565
TGAAG,3609,7918,-72.70831532280408,-75.3795402879515,1.4675725517075092e-12,0.964562997400312
GGTTA,1569,9958,-72.24993626513702,-74.90453504719824,1.720317619667664e-08,0.964560239505011
AGCAA,3171,8356,-72.58555660674867,-75.28610698898994,4.574156936329891e-12,0.9641294989175597
ATTGG,2330,9197,-72.38946781115881,-75.08883875176689,5.468550696962536e-11,0.9640509696849645
TCTAC,1856,9671,-72.24425646551724,-74.98440388791231,8.19554699834342e-09,0.9634571020062909
CTGAT,2708,8819,-72.4372341211226,-75.1898718675587,1.0904089898468168e-11,0.9633908440316981
TTGCT,3943,7584,-72.7172051737256,-75.49255933544305,1.3171325384986135e-13,0.9632367191396246
AAACC,2996,8531,-72.48420226969291,-75.26630406751846,5.9095971527942676e-12,0.9630365562346488
AAGAC,2465,9062,-72.33724949290061,-75.14325645552859,3.443168377286948e-11,0.9626579004559294
TAAGG,2020,9507,-72.23052475247525,-75.03459030188282,1.0096711657216848e-10,0.962629694676467
AAGCA,3640,7887,-72.60509065934066,-75.4376797261316,5.556817602742894e-14,0.962451270014211
CATAG,2046,9481,-72.20010752688171,-75.04884400379707,1.0074663112525595e-10,0.9620415675320564
TGTTC,3407,8120,-72.51933959495157,-75.39237931034484,5.1425093625371674e-14,0.9618921734308624
CGATA,332,11195,-71.77864457831326,-74.62518981688254,0.0011905816637016876,0.9618554372115607
TGTAG,2774,8753,-72.35978731074262,-75.23517194104878,2.9628057722782514e-13,0.961781377564217
CTTCA,3596,7931,-72.53579532814237,-75.45338418862691,2.1333432029872657e-14,0.9613325645780072
GACTA,1464,10063,-71.98786202185792,-74.91496372851039,3.2716634347884506e-09,0.9609276763817147
AGCAT,3009,8518,-72.3663941508807,-75.31216600140877,3.139755018224893e-14,0.9608858434575767
ACGTT,851,10676,-71.83314923619271,-74.75922630198576,2.7089649233364594e-06,0.9608599873148322
GTTCA,2603,8924,-72.2623127160968,-75.20850627521291,1.4413940132552153e-13,0.960826325305079
GACAA,2172,9355,-72.1552255985267,-75.09763335114913,1.4830086865368853e-11,0.9608189017240527
AACGA,549,10978,-71.74859744990891,-74.68295955547458,0.0001245587398370331,0.9607090811206267
ACCAT,2450,9077,-72.19918775510205,-75.1758841026771,4.8718941540546e-12,0.960403573790906
TACTC,1770,9757,-72.02725988700566,-74.9996166854566,3.6808910993451783e-10,0.9603683734689363
GATAG,1460,10067,-71.93542465753424,-74.9214055825966,8.792998540975304e-10,0.9601451560893303
CTGAA,3843,7684,-72.53330470986208,-75.54841488807912,8.611658349779689e-16,0.9600903581804626
ACATC,2075,9452,-72.08093012048192,-75.08374735505713,9.325633609255458e-12,0.960007094206747
GTGTT,3766,7761,-72.50826075411577,-75.53065326633164,6.262903320458843e-16,0.9599845575072878
TTACG,483,11044,-71.6533126293996,-74.6695907279971,0.00024063063272348106,0.9596050002525784
GAAAC,3327,8200,-72.37076946197776,-75.42462926829268,1.2074140927357395e-15,0.9595111061739257
TTGGT,3271,8256,-72.34456129623968,-75.41429869186047,3.450864130995181e-16,0.9592950216488307
ATCTG,3009,8518,-72.26886673313393,-75.34661775064569,3.70595987110055e-15,0.9591521011905623
TCGAT,691,10836,-71.67328509406657,-74.726215393134,2.603781506708324e-06,0.9591451235285237
TAGGT,1753,9774,-71.93936109526526,-75.010211786372,1.3806880575936687e-11,0.9590608982700585
ACACT,2777,8750,-72.19957148001441,-75.28700571428573,7.941877270909669e-14,0.9589911405696206
GCTTT,4054,7473,-72.51971139615196,-75.64092064766493,2.979240223732611e-17,0.9587364983822507
AGGTA,1855,9672,-71.9256819407008,-75.04522022332506,2.3014019760713678e-11,0.9584312195588085
TCCAA,2893,8634,-72.14844452125821,-75.34561732684735,5.383516250998756e-15,0.9575665722968347
ATGTG,3695,7832,-72.35711502029771,-75.57456205311541,4.314858216799304e-18,0.9574268517685036
ACCTT,3186,8341,-72.21892969240427,-75.43100347680134,1.5765923957734306e-16,0.9574170614688305
TCCTA,2295,9232,-71.95437037037037,-75.18676668110918,2.4863545454302244e-14,0.9570084410671837
GTTTG,3765,7762,-72.33963877822045,-75.61205488276218,8.754410948659186e-19,0.9567209737968942
GTGAA,3159,8368,-72.15725862614751,-75.44392088910134,1.0108514553089815e-17,0.9564356912495965
ACAGT,3356,8171,-72.20095351609058,-75.50521478399216,3.3959390653399706e-18,0.9562379727366577
AAGCT,3106,8421,-72.08603348358017,-75.44950599691248,4.398979454157729e-18,0.9554208809071599
GGTAA,1675,9852,-71.68266865671642,-75.02954120990661,1.0299180286651032e-12,0.9553926027106202
CTAGT,1974,9553,-71.75418439716313,-75.11951742907986,1.7638770080931012e-14,0.9552002841991905
CCTTT,4703,6824,-72.51570061662768,-75.94052901524033,1.639257943203983e-20,0.9549011780267513
TTGTG,4170,7357,-72.34329016786572,-75.79013048797064,2.8143743824861162e-21,0.9545212510136527
CATGT,3383,8144,-72.10716228199823,-75.55513015717092,6.367059803115533e-20,0.9543648741256857
ATGTC,2502,9025,-71.84053956834532,-75.29246315789474,9.696200296521227e-17,0.9541531324017061
CATTC,2918,8609,-71.95520904729267,-75.42039842025787,4.351267088997362e-18,0.954055011037512
CCAAA,3812,7715,-72.21527544596013,-75.69343875567077,1.8486456641255133e-20,0.9540493420976985
AATGG,3068,8459,-71.9297001303781,-75.49109705638963,5.917570767751416e-21,0.9528236167590559
GTAGT,1947,9580,-71.58968156137647,-75.14346555323591,5.259070786374028e-16,0.9527066796068683
ATCAG,2917,8610,-71.87584847446007,-75.44688269454123,4.961594394594735e-19,0.9526682336957637
TATGG,2074,9453,-71.60058823529411,-75.18881730667513,1.193243320019617e-16,0.9522770911963465
TCATG,2994,8533,-71.84887775551103,-75.48857025665065,4.443153115929292e-21,0.9517848531404798
AACGT,731,10796,-71.16466484268125,-74.77196554279364,2.0525185843518776e-08,0.9517559733260208
GTCAT,2324,9203,-71.63705679862308,-75.27708247310659,3.6718584139673334e-18,0.9516449687621203
CAAAC,2779,8748,-71.75934148974451,-75.42756058527664,1.9404179575983468e-19,0.9513676557074264
GCTAT,1946,9581,-71.48637204522097,-75.16407786243609,1.1930393854779483e-16,0.9510709647240536
CTATC,1390,10137,-71.29128057553957,-74.98911216336194,3.139322761916203e-12,0.9506884202100335
TAGTC,1680,9847,-71.36308333333334,-75.08576520767748,8.578291540864434e-16,0.9504209371237319
TTGTC,3002,8525,-71.76624916722186,-75.52108269794722,1.5085955328002066e-21,0.9502809891412293
ACGTA,543,10984,-70.99489871086556,-74.71861616897306,1.2963385213586995e-06,0.9501634579301299
AAAGC,3507,8020,-71.91371542629028,-75.69303117206982,9.429534626836465e-24,0.9500704927883231
GGATA,1758,9769,-71.36206484641639,-75.11567202374859,4.575107550369471e-17,0.9500289742978608
TAACG,423,11104,-70.94780141843971,-74.68016840778098,7.085875833740121e-06,0.9500219794770522
AACCA,2689,8838,-71.63404983265154,-75.42832654446708,7.370626336954455e-20,0.94969692573547
CGTTA,520,11007,-70.95115384615384,-74.71290178977014,1.5605112632651654e-07,0.9496506245440548
ACCAA,2513,9014,-71.55732590529247,-75.37563234967827,1.7049920742159988e-19,0.9493429597157854
ACTAG,1490,10037,-71.21522818791946,-75.03724419647304,1.2992169094950645e-15,0.9490650802880469
TGCTT,4237,7290,-72.09182676421997,-75.96796159122084,1.0651143643139846e-25,0.9489767166867248
ATAGG,1715,9812,-71.26979591836735,-75.11534957195272,2.6910958005676514e-17,0.9488046893810734
CTACA,2065,9462,-71.36272154963682,-75.23731663496089,1.7616515390711996e-17,0.9485016842888886
CGAAA,676,10851,-70.90251479289941,-74.77001290203667,3.588976035117359e-08,0.9482747433225077
TACAG,2806,8721,-71.58041696364933,-75.4964866414402,6.601868637827192e-23,0.9481291136581006
ATGCT,2955,8572,-71.59628426395939,-75.55908656089595,3.481695472778623e-24,0.9475535970946024
GCAAA,3381,8146,-71.73708666075126,-75.70788362386448,2.4914417857964802e-26,0.9475510769414567
CACAA,2798,8729,-71.52042530378843,-75.51212739145377,9.081491666736913e-23,0.9471382647323334
ATGCA,3167,8360,-71.62377012946006,-75.64916626794259,1.9255834314761422e-25,0.9467886252146529
TTTCC,4737,6790,-72.1162866793329,-76.23632695139912,3.836393709630526e-29,0.945956994036547
TACGT,550,10977,-70.69201818181818,-74.73616653001733,9.209318168003766e-08,0.945887666762051
GTTGT,2964,8563,-71.50142712550608,-75.59608548405933,1.1499431517087085e-26,0.945835047776162
TGCTA,2468,9059,-71.32857779578606,-75.41898443536815,1.734023815069251e-23,0.9457642307145167
TCAGT,3565,7962,-71.69789621318372,-75.81719542828435,4.288433530066571e-28,0.9456680085324829
GTCTA,1551,9976,-70.94285622179238,-75.10296110665598,6.064965549002855e-19,0.9446079778538198
TTGAC,2342,9185,-71.17837745516653,-75.40117038649973,8.745932629568252e-24,0.9439956580290791
CAATG,2308,9219,-71.14406845753899,-75.39418592038182,6.366123865463174e-24,0.9436280475615049
TTCAG,4080,7447,-71.758125,-76.0690694239291,2.2263356243470631e-32,0.9433285505320906
TGCAA,3268,8259,-71.44955324357404,-75.76732897445211,2.8596522318743524e-30,0.9430126970381393
CTATG,1993,9534,-70.99257902659308,-75.28543108873505,2.8571771121326115e-22,0.9429789801285429
CAGTT,3676,7851,-71.59393090315561,-75.9241141255891,5.891309585444787e-32,0.9429669575693598
GTCAA,1741,9786,-70.89632395175187,-75.19201001430615,4.470229906526004e-20,0.9428704451212705
CTAAC,1527,10000,-70.7678978388998,-75.119693,3.175961764159464e-18,0.9420685177573849
TGGTA,2220,9307,-71.00078828828829,-75.38817664123778,2.2999695557730443e-27,0.9418026997279895
CCTTA,2355,9172,-71.0159617834395,-75.4488573920628,5.857297361673575e-26,0.9412463520078482
TAGCA,2208,9319,-70.944990942029,-75.39574739778946,4.68557791564458e-26,0.940968070357096
TCGTA,409,11118,-70.28963325183373,-74.69968069796725,1.3644655274475949e-06,0.9409629679146202
GTAAG,1851,9676,-70.77603997839005,-75.26385489871848,5.2587329218943945e-25,0.9403722420759922
CTGTT,4379,7148,-71.70870746745832,-76.27966983771684,2.4546746516757657e-36,0.9400762696012827
CCATT,3271,8256,-71.28372057474778,-75.83460029069768,5.767754864933767e-32,0.9399894019549788
GCTTA,2080,9447,-70.83285576923078,-75.36013231713773,1.7692996896652309e-25,0.9399247797382463
TAACC,1797,9730,-70.71188647746243,-75.25079650565262,8.526374520194499e-23,0.9396828972056231
CTGTA,3631,7896,-71.38347838061141,-75.99621327254305,4.327756948234694e-35,0.9393030955978147
CCTAA,2105,9422,-70.80190973871734,-75.37905858628743,2.676494181374625e-26,0.9392782434085382
CAATC,1693,9834,-70.64634376845835,-75.21407870652837,1.6049860342867389e-22,0.9392702135474864
CTTAC,1951,9576,-70.68937467965148,-75.32837719298244,3.877978921490322e-25,0.9384162690582543
ATGAC,2123,9404,-70.73509656146962,-75.40290301999148,1.5110894279589274e-27,0.938095135975278
CACTA,1710,9817,-70.5677485380117,-75.23567892431497,3.3971221796312587e-23,0.937955894689286
CCTAT,1770,9757,-70.58041807909605,-75.26208568207441,5.715519709009455e-23,0.9377951386737423
CGTAA,451,11076,-70.07274944567628,-74.72523474178404,5.174072271616698e-08,0.9377387663995356
TTTGC,4042,7485,-71.4496190004948,-76.21378089512358,6.598009724304236e-38,0.9374894954865886
TTGCA,3490,8037,-71.19522063037249,-75.9970374517855,3.728216903824453e-38,0.9368157367389564
AACTG,3282,8245,-71.10594454600854,-75.91143723468768,1.1761422332640961e-36,0.9366960649971297
CACAT,3043,8484,-71.01017088399605,-75.81041489863271,4.933925835705655e-34,0.9366809425716092
TCAAC,1756,9771,-70.50239749430524,-75.26939924265685,2.7767870681065247e-24,0.9366674665094173
ACCTA,1723,9804,-70.48305861868833,-75.25675234598124,7.471736654553843e-25,0.9365679015040858
GCAAT,2087,9440,-70.56385241974127,-75.42296080508474,1.2325402004067793e-29,0.9355752103407761
CATTG,3047,8480,-70.94435182146374,-75.83632900943397,9.095527104113069e-38,0.9354929589568917
GTATG,2065,9462,-70.53871186440678,-75.41714965123653,4.73409727768504e-30,0.9353139463717486
GTGTA,2488,9039,-70.70445337620579,-75.59982630821993,3.8751222856963475e-35,0.9352462410157433
CATAC,1719,9808,-70.39524723676556,-75.27019575856444,1.3448443785260959e-27,0.9352340129759235
ATACC,1662,9865,-70.37080625752105,-75.24614597060315,1.3965972931979747e-26,0.9352081139811895
ATTGC,2485,9042,-70.62031388329979,-75.62132603406324,4.5114179997959385e-35,0.9338677009113702
AATGC,2961,8566,-70.81251941911516,-75.83278543077283,1.552884688195277e-40,0.933798211642369
CCATA,1852,9675,-70.30597192224623,-75.35429974160206,1.3006778258468187e-27,0.9330054444581518
GGTAT,1678,9849,-70.17213945172826,-75.28791349375571,6.166173127915906e-31,0.9320505270417442
CAACT,2175,9352,-70.35781149425287,-75.51660286569718,2.766148236872519e-33,0.9316866599439201
ACTGT,3721,7806,-71.00531308787961,-76.22966179861645,8.916078094462091e-45,0.9314656711381126
ATAGC,1720,9807,-70.1151453488372,-75.31981849699194,1.3272902297558128e-31,0.9308990216384736
TGCAT,3292,8235,-70.76562575941676,-76.05331754705526,2.483006876682736e-45,0.9304738838727591
GCATT,3188,8339,-70.71980552070264,-76.00488907542871,4.7305323516665575e-45,0.930463900164619
TACCA,2058,9469,-70.1931243926142,-75.48865350089766,7.499509466679123e-34,0.9298499991363538
AACAC,2508,9019,-70.35390749601277,-75.70816165872048,3.356201976487874e-38,0.92927771530309
GATAC,1381,10146,-69.80580014482258,-75.18802483737434,1.0141000470837281e-30,0.9284164638691723
TACCT,2468,9059,-70.26535656401944,-75.70864444199138,8.174536560602262e-41,0.9281021616739864
TACTG,2709,8818,-70.28976005906239,-75.84991494669994,2.3672067781170423e-45,0.9266953049117498
TACAC,1771,9756,-69.7791699604743,-75.4080155801558,1.1251976644216618e-32,0.9253548104087389
ACTAC,1410,10117,-69.60779432624113,-75.23104872986063,8.931846324647959e-28,0.9252535422733311
CCAAT,1959,9568,-69.79635017866258,-75.51509824414715,6.094575297849455e-38,0.9242701367215951
ACAAC,1735,9792,-69.59481844380404,-75.41998570261438,3.4417756210338046e-35,0.9227636122634745
TATCC,1857,9670,-69.5832902530964,-75.4956918304033,4.7453292888026816e-42,0.9216855765678819
GATTA,2310,9217,-69.7804329004329,-75.73686774438538,4.995736256984209e-51,0.9213535623884571
TTACC,2071,9456,-69.64013520038628,-75.61704631979696,8.95529931074488e-46,0.9209581514975693
AGATT,3403,8124,-70.26903614457832,-76.33357705563762,2.5761743413727916e-63,0.9205521194606273
CAGTA,2532,8995,-69.81027646129542,-75.87547415230682,2.10634402093059e-53,0.9200637919067685
GTACA,2193,9334,-69.54668034655722,-75.71712449110778,6.49277437910991e-50,0.9185066233560518
TAAGC,1892,9635,-69.36623150105709,-75.55979242345616,8.210957528471005e-46,0.9180309960661512
GTTAC,1683,9844,-69.23186571598337,-75.4512677773263,1.039945632156094e-44,0.9175706088902604
GTAAC,1551,9976,-69.09613152804643,-75.39007718524458,4.5700251189432987e-41,0.9165149328374742
AGAAT,3824,7703,-70.18549686192468,-76.70650006490976,1.1785221690981077e-72,0.9149876060377289
GTACT,1778,9749,-69.04732283464566,-75.545529797928,5.567674181605239e-49,0.9139829056641209
CGTAT,450,11077,-68.35944444444445,-74.79441726099124,5.982478877805625e-16,0.9139645303459978
AGTAC,1486,10041,-68.85808209959622,-75.38456329050892,1.4988445617626497e-43,0.9134241692724059
ATTAG,2241,9286,-69.23441320838911,-75.82437971139349,2.6036428596580675e-61,0.9130890812679585
GCATA,1773,9754,-68.97765369430344,-75.5548626204634,1.6223167819918315e-56,0.9129479070169261
ACTAA,2362,9165,-69.07769686706182,-75.95177195853793,5.688974901417273e-66,0.9094942104151478
AAGAT,3505,8022,-69.6598858773181,-76.67683994016456,9.839010732153318e-85,0.9084866555752402
ATTAC,2290,9237,-68.96636244541484,-75.92579192378479,4.305624071886465e-66,0.9083390597314296
TATGC,1864,9663,-68.68408798283262,-75.6734316464866,2.976272870317755e-57,0.9076380770426117
TTAGA,2882,8645,-69.16417418459405,-76.33642105263158,3.193097536683515e-84,0.9060442345981548
ATGAT,2654,8873,-69.02907686510926,-76.19253240166798,6.657512020494078e-80,0.9059821834140547
TGTAC,2706,8821,-69.05806356245381,-76.22586894909874,4.110631999954883e-79,0.9059662358007179
TTAGT,2687,8840,-69.03958317826572,-76.21608031674208,2.348915809132945e-81,0.9058401178773302
ATAGA,2632,8895,-68.99799012158056,-76.18401349072512,9.964890307996994e-79,0.9056754423942313
TAGAT,2201,9326,-68.53175374829623,-75.96194724426334,9.837596422987929e-79,0.9021853208676368
ATCAT,2853,8674,-68.82910970907817,-76.42264929674892,6.348820323081976e-92,0.9006375772425128
GTATC,1566,9961,-67.99628352490421,-75.57246561590202,2.0649821978408766e-66,0.8997494387770297
TTCAA,3755,7772,-69.29568308921439,-77.07851518270715,2.30871624596716e-104,0.8990272182197035
TAATC,2206,9321,-68.32478241160472,-76.01491685441476,4.929535432029765e-77,0.8988338768094907
TAAGA,2945,8582,-68.76503225806452,-76.5260417152179,1.1537975256755879e-98,0.8985834196673205
TGATT,3677,7850,-69.1612890943704,-77.06413375796178,5.07712000299858e-109,0.8974510673355242
AATGA,3728,7799,-69.19054989270386,-77.1018258751122,5.526386177555318e-109,0.897391846527437
TCTTT,5509,6018,-70.32568161190778,-78.4040096377534,8.275826844796581e-110,0.8969653712460681
AGTTA,2759,8768,-68.34496556723451,-76.4935846259124,9.80182816839893e-109,0.8934731703511051
ATCTT,3535,7992,-68.84105799151344,-77.0653616116116,1.3361255267147965e-112,0.8932814503415112
TAGAA,3214,8313,-68.59054138145613,-76.84464212678937,6.041285422781363e-117,0.8925871665624465
GATTT,4159,7368,-69.21383265207982,-77.55146308360477,3.813837280426035e-125,0.8924890633908927
ATTCT,4047,7480,-69.12427230046949,-77.47507754010695,2.438772154350327e-122,0.8922130121739541
CTAAT,2443,9084,-68.05578387228817,-76.28789409951563,7.420009683980992e-100,0.8920915261274761
TTTCA,5268,6259,-69.94477031131359,-78.41355807637002,5.5201671364887846e-123,0.8919984251089799
TTCTT,5549,5978,-70.11605334294467,-78.65264804282369,1.5002418364988044e-122,0.8914646243667329
GTAAT,2653,8874,-68.11608744817187,-76.46467545638946,1.8995638967274395e-108,0.8908177147370606
ACAAT,2588,8939,-68.04853941267388,-76.42352500279672,4.2475846926657403e-103,0.8904135135114958
ACTTT,4646,6881,-69.42583943176925,-77.99841011480889,2.3930599617836855e-126,0.8900930074033389
TACAA,2777,8750,-68.14659704717322,-76.57330400000001,5.787021839951281e-110,0.8899524179755024
ATCTA,1858,9669,-67.51102260495156,-75.89451132485263,4.911182850171671e-84,0.8895376151245369
AGTTT,4308,7219,-69.16151346332404,-77.75477351433716,3.049850046763666e-132,0.8894825402657933
TACTA,1865,9662,-67.49451474530831,-75.90377147588491,1.3665018908899214e-87,0.8892116087637586
TTACA,3243,8284,-68.41489361702128,-76.94229961371319,9.996312867843655e-119,0.8891714175492086
AATCT,3264,8263,-68.4195618872549,-76.96212755657751,4.96629593574525e-123,0.8890029948425909
TCATT,4170,7357,-69.02880095923261,-77.66880657876852,4.627081599991828e-131,0.8887583574395008
GAATT,3412,8115,-68.50580011723329,-77.08166605052372,5.634998733120413e-131,0.8887431165840485
TTGAT,3140,8387,-68.30336305732484,-76.87933110766662,1.4155629979802154e-120,0.888448976769433
TTTGA,4804,6723,-69.42211074104912,-78.20254201993157,8.912190852110114e-136,0.8877219198751293
AAAGA,4896,6631,-69.47417892156862,-78.28591916754638,2.101826340061787e-135,0.8874415688072972
ATTCA,3285,8242,-68.33923592085236,-77.0159087600097,2.930017088837046e-128,0.8873392136916175
TTTAG,3576,7951,-68.53767058165549,-77.24422085272293,7.235185847451469e-134,0.8872854153365374
TCTAT,2443,9084,-67.74446582071225,-76.37161822985469,1.3009065048879255e-106,0.8870371924924072
AAACT,4280,7247,-69.01591588785047,-77.80756036980821,3.89152840007235e-136,0.8870078377965802
CAATA,2242,9285,-67.59878233719893,-76.2200366182014,2.196672068070405e-99,0.8868899220793117
TATGA,2519,9008,-67.78142119888845,-76.43407082593251,2.5060944186982028e-116,0.8867959074592637
AAAGT,4203,7324,-68.9463478467761,-77.75505324959039,2.369256923567236e-138,0.8867121166448344
AACTT,3858,7669,-68.69686625194402,-77.48428739079411,8.818740025594097e-134,0.8865909278544372
ATTGA,2801,8726,-67.94695465905033,-76.66056497822599,4.714179059651776e-122,0.8863351669577364
ACTTA,2641,8886,-67.82391518364257,-76.54023745217195,2.9827828021072063e-120,0.8861210448429039
TTGAA,4524,7003,-69.12436560565871,-78.04382121947738,2.7030158557340738e-142,0.8857122130304834
TCTTA,3288,8239,-68.24843369829684,-77.05530525549217,2.44845108607006e-130,0.8857071355697781
TCATA,2592,8935,-67.7518287037037,-76.51334862898715,2.624656527314084e-121,0.885490308785621
TTACT,3237,8290,-68.20003707136237,-77.02002291917972,2.977873136928457e-132,0.88548450761859
AATCA,3191,8336,-68.15001253525541,-76.99050143953934,6.98458894390206e-126,0.8851742911269858
TAGTA,2035,9492,-67.33781818181818,-76.0879740834387,3.262972179523624e-109,0.8849994889859333
AGAAA,5658,5869,-69.89278543655001,-79.02643210086897,1.7833263550261018e-139,0.8844228896394967
TCAAA,3778,7749,-68.48694282689253,-77.49591431152407,7.620151764028707e-140,0.8837490780685988
AACAT,3480,8047,-68.25402011494253,-77.26301975891637,2.2210130441930563e-138,0.8833982975026785
TTCAT,4192,7335,-68.76594227099237,-77.84494614860259,1.47687415328797e-145,0.8833706704571572
AGATA,2594,8933,-67.62007324595218,-76.55356990932498,2.8092837692889135e-128,0.8833039834203132
CTATT,2781,8746,-67.73612010068321,-76.70767893894352,3.5038223895729674e-124,0.8830422330285689
AATAC,2541,8986,-67.56326249508068,-76.51694413532161,6.205814850757319e-119,0.882984327962625
CTAAA,3292,8235,-68.08933778857836,-77.12318275652702,7.545919896565483e-136,0.8828647282819236
TAGTT,2769,8758,-67.70690863127483,-76.70462205983101,4.560987177954167e-131,0.8826965939348765
TTCTA,3239,8288,-68.04083050324174,-77.08437017374517,3.2129995621486985e-132,0.8826799823346854
GATAA,2199,9328,-67.2949295134152,-76.25192538593481,1.694497419826092e-122,0.882534167797266
AATTC,2995,8532,-67.83741903171953,-76.89714486638536,2.0871728345089102e-137,0.8821838463520617
ATGAA,3879,7648,-68.47304202113946,-77.62193776150629,2.5281895828675348e-151,0.8821351797673894
TGAAA,5205,6322,-69.44564073006724,-78.74010597912053,1.4263324851125852e-149,0.8819602141313106
TTTCT,6520,5007,-70.44497239263804,-79.87982624325944,3.308056443871661e-136,0.8818869006814151
TTAAG,3290,8237,-68.03033130699089,-77.14455748452106,2.4283224208547478e-146,0.881855227708592
TACTT,3277,8250,-68.01915471467807,-77.13463515151516,9.714180724748061e-143,0.8818237693231893
ATAAG,2342,9185,-67.3177369769428,-76.38556015242243,1.5951728798205593e-124,0.8812887781750193
GAAAT,4362,7165,-68.76951627693718,-78.05818283321703,4.976913488316292e-157,0.8810032949892458
ACAAA,4313,7214,-68.72330628332946,-78.02271832547824,9.475720745407092e-151,0.8808114836071783
CTTAT,2671,8856,-67.50400599026582,-76.66624999999999,2.302548535806762e-131,0.8804918199372714
TGATA,2455,9072,-67.30364969450103,-76.50232032627866,4.5184512559434825e-132,0.8797595864733808
AAATC,3395,8132,-67.98488365243004,-77.28121372356125,4.433438602566942e-146,0.8797077630744174
TAAAG,3818,7709,-68.29630958617076,-77.63707355039566,1.8019698717392866e-154,0.8796868102175228
CAAAT,3819,7708,-68.29219952867243,-77.64032174364299,8.437842816774079e-153,0.8795970701172943
AGTAT,2854,8673,-67.57010861948143,-76.83782082324456,8.761073283221228e-147,0.8793860613891915
ATTTG,4596,6931,-68.85715622280243,-78.31366613764249,3.338261368849629e-161,0.8792482796269621
AAGAA,4846,6681,-69.04144861741642,-78.53384972309534,3.213309582353474e-158,0.8791298129513778
TGAAT,3809,7718,-68.25672617484904,-77.64571650686706,6.792569959177107e-159,0.8790790947084937
AATAG,2549,8978,-67.32791290702235,-76.59174203608823,1.4713974142474492e-140,0.8790492436547405
GATAT,2276,9251,-67.09888400702988,-76.37471084207112,1.291789255149662e-128,0.8785484523244618
TAACT,2712,8815,-67.41374262536874,-76.73663528077141,1.2534160364006778e-135,0.8785079301263188
TAAGT,2753,8774,-67.44189974573193,-76.77136539776613,2.39489578603365e-144,0.8784772733466889
AAGTT,3521,8006,-67.99859982959387,-77.4214888833375,3.0338657666542566e-159,0.878291037932085
GTATT,3421,8106,-67.90845951476176,-77.34328522082407,1.983781564322923e-158,0.8780136416610079
ATAGT,2191,9336,-66.99162026471932,-76.31543166238217,1.0527518271607459e-129,0.8778253467934088
ATACA,2924,8603,-67.52560533515732,-76.92835522492155,6.954616291578942e-147,0.8777726384208703
GAATA,2678,8849,-67.34038088125467,-76.7230161600181,2.7582496133127975e-146,0.8777076847553223
ATACT,2450,9077,-67.17197142857142,-76.53279497631375,4.776807246680822e-139,0.8776887274188873
ATGTT,4283,7244,-68.53372169040392,-78.0962976256212,1.6186819889394237e-165,0.8775540425609105
TTGTT,5056,6471,-69.12637658227847,-78.77554473806212,5.1324980179611545e-163,0.8775106133779428
ATTTC,4480,7047,-68.68052455357143,-78.27029374201788,5.597354549035163e-163,0.8774788143755442
AAGTA,2968,8559,-67.5340397574124,-76.97376796354715,4.451885741490369e-149,0.8773643481945023
TCTAA,2943,8584,-67.51287801563032,-76.95353098788442,1.3888709575824687e-144,0.8773200806894691
AATTG,3337,8190,-67.80107881330537,-77.29026984126985,4.3292582860340636e-160,0.8772265765477035
TATTC,2724,8803,-67.34110866372981,-76.77181983414745,7.509237874593319e-144,0.8771592077562953
CTTTA,3761,7766,-68.07664982717363,-77.67489441153747,3.567624307193851e-162,0.8764305422353021
TCAAT,2304,9223,-66.98108072916666,-76.4322996855687,2.8371227802569525e-131,0.8763452232199873
TGTAA,4123,7404,-68.29184574339074,-78.02434224743382,1.2242482180225415e-172,0.8752633316256738
GTTTT,5581,5946,-69.43527324852177,-79.33757988563741,1.3325908275866153e-165,0.8751876897254807
ATAAC,2171,9356,-66.79634730538922,-76.34081231295426,6.945132523891191e-132,0.8749755901412456
AGTAA,2689,8838,-67.18203049460766,-76.7828728219054,7.508379748801888e-149,0.8749611472656605
GTTAA,2704,8823,-67.15596523668638,-76.80718349767652,7.684267019880544e-158,0.8743448487304304
CATTA,2699,8828,-67.14952204520192,-76.80368713185321,8.170764731255811e-147,0.8743007601955692
CTATA,1935,9592,-66.5776330749354,-76.15010321100917,1.9075704321740577e-125,0.8742947188193718
TATCT,2739,8788,-67.14511135450894,-76.84900432407828,1.5868832416147184e-149,0.8737277983635642
TATTG,2947,8580,-67.28850356294538,-77.03499883449882,4.3908505060516624e-160,0.8734796466669298
CAAAA,4862,6665,-68.78085150143974,-78.74673818454613,1.6939149790879743e-174,0.8734438160505018
TGTTA,3632,7895,-67.79352147577093,-77.64831412286256,1.3038267828912872e-176,0.8730842677215318
AACAA,3554,7973,-67.72814293753517,-77.58104728458547,8.363252214552278e-167,0.8729985648310787
TAATG,3084,8443,-67.33970168612193,-77.17444865569111,8.568759296802494e-171,0.8725647265269587
ATATC,2171,9356,-66.64253800092123,-76.37650277896537,2.24018858047472e-130,0.8725528870284311
AAAAG,5295,6232,-69.08712559017941,-79.17894415917844,4.629876830831541e-176,0.8725441633989106
CATAA,2585,8942,-66.95291682785299,-76.73744352493848,3.954453609106692e-156,0.8724934497732431
TTAAC,2603,8924,-66.96517479830965,-76.75360376512775,1.0030268076556013e-146,0.872469454375439
TTTGT,6019,5508,-69.66831533477321,-79.87035584604213,9.41286686810624e-168,0.8722674964547004
TATAG,2192,9335,-66.62996350364963,-76.40135297268344,3.013317313772373e-146,0.8721044969906819
TAACA,2721,8806,-67.03202131569276,-76.86411310470135,1.8285579479020047e-154,0.8720847559170339
TTGTA,4164,7363,-68.15722142170989,-78.15467065055005,9.675192753825168e-183,0.8720812314142892
TGTAT,4195,7332,-68.17131346841478,-78.18887752318605,2.240705473007835e-180,0.8718799352017725
TTTTG,6068,5459,-69.68089156229401,-79.94795017402454,3.636518263258584e-169,0.8715782132076934
AAAAC,4404,7123,-68.28746139872842,-78.41099677102345,3.0577437533059125e-182,0.8708913827245702
ATTGT,3715,7812,-67.71549394347241,-77.79012416794674,4.190829187897562e-186,0.8704895983618244
AAACA,4738,6789,-68.53195230054875,-78.73841802916485,4.4283511299139175e-185,0.8703750216973422
GAAAA,5344,6183,-69.01954528443113,-79.31733139252789,5.692451104378537e-183,0.870169786006355
TATAC,2082,9445,-66.41729106628242,-76.33443197458972,3.262252373009082e-149,0.8700829933258882
ACTAT,1974,9553,-66.22658561296859,-76.26172197215536,1.4318854875430256e-135,0.8684118834498545
TATCA,2462,9065,-66.60081234768481,-76.70030998345284,6.417621389022075e-156,0.8683252044490188
AAATG,5390,6137,-68.9553896103896,-79.45086524360435,1.377087620456639e-190,0.8678997944070896
CTTTT,5971,5556,-69.43985429576286,-80.02774298056156,1.0355213401186604e-182,0.8676972723400377
ATATG,2800,8727,-66.82697142857143,-77.01890569496963,2.153491159755676e-175,0.8676697081783664
AATGT,4381,7146,-68.1001666286236,-78.4932381752029,3.838496950867341e-194,0.8675927788406286
CATTT,5450,6077,-68.98972110091742,-79.52370083922989,1.0647268640478302e-189,0.8675366006970849
TTTTC,6078,5449,-69.52040967423494,-80.14579922921637,6.041064482804037e-182,0.8674242485923325
ATCAA,2348,9179,-66.45241908006814,-76.61283691033881,3.0832159700428944e-151,0.8673796945783177
AACTA,2280,9247,-66.39138157894737,-76.55316967665189,1.3422622808213383e-152,0.867258427827009
GTTAT,2531,8996,-66.58181351244568,-76.78311916407291,1.7345470945046035e-179,0.8671412966458327
TTATG,3109,8418,-67.02863943390157,-77.31854003326205,8.179969681259929e-182,0.8669154824323659
CTTAA,3225,8302,-67.11237209302325,-77.4297892074199,2.414643504782257e-180,0.8667513211645428
TGTTT,6110,5417,-69.50250245499181,-80.22876499907697,1.2099093941376795e-183,0.866304030179094
GTAAA,3253,8274,-67.05383031048262,-77.48772057046168,9.091627096867394e-194,0.8653478230722862
ACATA,2778,8749,-66.6639992800576,-77.04502457423706,1.5681242559374047e-172,0.8652602766817631
ACATT,3934,7593,-67.6050406710727,-78.13792703806138,1.3595568518995638e-198,0.8652013591062115
TAAAC,2771,8756,-66.62022735474558,-77.05057788944724,1.2393981818371206e-179,0.8646298208214972
TTATC,2472,9055,-66.34012540453074,-76.78263059083379,4.0195898657697835e-172,0.8639991218593432
GTTTA,3209,8318,-66.93370520411344,-77.47887112286607,1.8234312938204466e-199,0.863896236923353
TATGT,3402,8125,-67.05431510875955,-77.67885907692308,1.776597649210455e-198,0.8632247680460606
GTATA,2494,9033,-66.30117481956697,-76.81881766854865,1.0696036970707471e-179,0.8630850725357123
TACAT,3065,8462,-66.75266557911908,-77.36499527298511,2.4779432792198908e-197,0.8628277600687487
CAATT,2703,8824,-66.44845726970033,-77.0228161831369,7.185668251164528e-184,0.8627113440218291
TTTAC,3305,8222,-66.72235098335855,-77.68695451228412,1.6569830774096264e-211,0.8588617149718257
ATGTA,3462,8065,-66.51457250144425,-77.98959206447614,2.724500626919123e-245,0.8528647315715515
CATAT,2715,8812,-65.81683977900552,-77.23181911030413,3.658903806251826e-217,0.8521984919843013
AATAA,4753,6774,-67.08032190195667,-79.77956008266902,1.7566433125497288e-294,0.8408209049090622
ATTAA,3723,7804,-65.92878861133495,-78.6528229113275,2.8762580607684313e-302,0.8382253321748221
AAAAA,5646,5881,-67.77991144172866,-81.03624043530012,1.5064772098762434e-300,0.836414807469315
TATTA,3286,8241,-65.3626902008521,-78.20382356510132,7.780911112829451e-308,0.8357991619992912
AATTA,3835,7692,-65.87491786179922,-78.86495059802391,0.0,0.835287632367449
TAATT,4248,7279,-66.25329331450094,-79.38116774282182,0.0,0.8346223065040764
TTTTT,6603,4924,-68.65494926548539,-82.43925264012998,3.0861807792876577e-285,0.832794416091848
TAATA,3256,8271,-65.06789312039312,-78.27329827106757,0.0,0.8312910603952969
TTAAT,4069,7458,-65.84731875153601,-79.28757978010191,0.0,0.8304871826603681
ATAAT,3662,7865,-65.43067449481158,-78.78606230133501,0.0,0.8304854003815708
ATAAA,4950,6577,-66.66128686868687,-80.475313972936,0.0,0.8283445391850872
TATAT,3678,7849,-65.19351005981513,-78.92442094534336,0.0,0.8260245596855611
TTATT,5268,6259,-66.88179384965832,-80.99156734302603,0.0,0.825787128756156
TTATA,3885,7642,-65.37832432432432,-79.20239727819943,0.0,0.8254589074454669
ATATA,3356,8171,-64.8147199046484,-78.53889487210867,0.0,0.8252563269471964
ATTAT,3680,7847,-65.13614673913044,-78.95482222505416,0.0,0.8249799683351229
AAATA,5591,5936,-67.05188696118762,-81.59912567385445,0.0,0.8217231055782259
TATAA,3623,7904,-64.87925476124758,-78.97292130566801,0.0,0.821537986547689
AATAT,4189,7338,-65.32310814036762,-79.80662442082311,0.0,0.8185173676299927
AAATT,5238,6289,-66.37498854524627,-81.34636985212275,0.0,0.815955139312393
ATATT,4502,7025,-65.51917370057753,-80.32629039145907,0.0,0.8156628842347741
ATTTA,4856,6671,-65.87769151565074,-80.85106280917402,0.0,0.8148030369265068
TATTT,6292,5235,-67.56109980928163,-82.93506590257878,0.0,0.8146264679965833
AATTT,5466,6061,-66.54419136480058,-81.75696419732716,0.0,0.8139268870623755
TAAAT,4714,6813,-65.58488756894357,-80.74157493028036,0.0,0.8122814996558532
TTTAT,5645,5882,-66.66570593445527,-82.10329819789187,0.0,0.8119735430575798
TAAAA,6106,5421,-67.05489518506387,-82.9777384246449,0.0,0.8081070472408556
AAAAT,6432,5095,-67.40077891791044,-83.5599018645731,0.0,0.8066163005689976
TTTTA,6711,4816,-67.7205036507227,-84.05050041528239,0.0,0.8057120816190823
ATTTT,7094,4433,-68.1706526642233,-84.74101060230093,0.0,0.8044588113794845
TTTAA,6114,5413,-66.7593784756297,-83.3350581932385,0.0,0.8010959603679297
TTAAA,6030,5497,-66.34603482587065,-83.53518646534474,0.0,0.7942286075268994
