Name,baseMean,log2FoldChange,lfcSE,stat,pvalue,padj,Seq,hek-gDNA1,hek-gDNA2,hek-gDNA3,hek-RNA1,hek-RNA2,hek-RNA3,sk-gDNA1,sk-gDNA2,sk-gDNA3,sk-RNA1,sk-RNA2,sk-RNA3,aso-lib1,aso-lib2
BCOR|ENST00000378444.9|3|scrambled,1363.77806203328,-0.386439799785406,0.151974409645268,-2.54279520274115,0.0109969663671698,0.0147591512975787,TAATGTATCCCCATTACTAACGTAAAGTAG,1618,1454,1845,613,639,798,2196,1905,2112,958,905,840,3295,2900
PDHA1|ENST00000422285.7|9|scrambled,4557.5308316917,-0.816327398553664,0.30820587216099,-2.6486432358669,0.0080815594646565,0.0110254969481936,CTGTAGTCAGCATGTTCAGGATGCACCATT,4574,4002,4580,4897,4173,4021,6248,5731,10880,2400,2473,2682,11537,9418
IGF1R|ENST00000650285.1|25|scrambled,5116.89271382281,0.302945110514194,0.386692338316951,0.783426720665684,0.433376570020076,0.468842126197313,CGACTTTACGCAGCTCTCACCACTCGGTGT,2785,2692,2732,3259,2620,2610,4095,4030,9682,4083,4228,4624,9400,9097
ZFPM2|ENST00000407775.7|6|scrambled,281.284584150955,-1.59869175592865,0.261059339785164,-6.12386347580699,9.13331626494579e-10,2.14615909172564e-09,CCGGACACATATAAATTATATCTCATGATT,1224,1195,1267,395,371,320,749,536,450,71,129,119,658,594
STAT5A|ENST00000590949.6|7|scrambled,13116.5365210548,0.6758924603031,0.493603758637349,1.36930168880598,0.170904990327951,0.197809148546373,CAGAGTAAATGTATGTTGCGTCGAGTGCCC,4732,4310,5086,6139,5593,5004,7119,6977,24653,10545,12782,13577,26450,20195
SPAST|ENST00000315285.9|3|scrambled,578.786593526965,-1.54546471770885,0.251981111609198,-6.13325621051209,8.60983168447877e-10,2.0275256406803403e-09,ACTTAACATTATCTTTTAATTACATTTTAC,2591,2345,3089,745,616,715,1726,1060,797,178,235,263,1504,1371
PKP2|ENST00000340811.9|5|scrambled,145.892254173386,-4.35874133019126,0.334227238665035,-13.0412510590127,7.12777716082923e-39,5.68750080314801e-38,TTCTTATGAGGAGTATAATAATTTGTATGA,500,463,703,10,19,17,488,345,307,11,14,6,494,491
SHOX|ENST00000686671.1|50|scrambled,719.210087911921,-2.73381590683977,0.182308800265056,-14.9955235450242,7.854092715450582e-51,9.39744939589926e-50,TAGAAGAATTCATCAGTATGGCCCCAGTCA,1414,1248,1695,540,600,649,1834,1599,1609,173,134,123,2483,2184
ETV6|ENST00000396373.9|26|scrambled,949.602826357247,0.136484517648828,0.194505230744541,0.7017010140364,0.4828656405034,0.518586959855561,ATGGGCAGTCCCCACTATACTCATGTTGTG,1060,1019,990,977,1003,980,1230,1017,1375,785,693,799,2229,1958
SLC9A6|ENST00000630721.3|10|scrambled,847.093452248428,0.855081622369493,0.206463279448069,4.14156756908711,3.44940221767754e-05,5.84762779350656e-05,ATAACACTCATGAACCTTGTATGTTCTATG,1812,1695,2027,1767,1470,1563,1143,787,562,755,836,906,1119,1046
LMX1B|ENST00000373474.9|11|scrambled,4387.1126934193,-2.00099031571506,0.189525968147843,-10.5578688517984,4.67147078301614e-26,2.3206223794352702e-25,CCTCCTTTTCCCAGGCGCCACGATGGCAAG,8253,7314,8203,1925,2108,2253,9327,8453,10285,1521,1216,1278,9674,8393
ARID1B|ENST00000636930.2|2|scrambled,1610.85966700764,1.36201641252836,0.189384204087935,7.19181633488263,6.39349993821965e-13,1.8034608751779696e-12,TGTCTTAGTGCCGTAAATTGATTATCCTAC,2237,2068,2463,2485,2190,2228,1680,1165,876,1600,1794,1913,1337,1298
GRIN2A|ENST00000330684.4|18|scrambled,3320.49534107346,-0.668500527190644,0.245208277531535,-2.72625595644777,0.0064057302858686,0.0088317522313627,ATTGTATTGAACTGTTTAGTACTTCCGCAC,2932,2410,3710,2559,2149,2373,4843,4524,6784,1823,1949,2096,10143,9021
CHL1|ENST00000256509.7|9|scrambled,741.76472475401,-1.56348806358005,0.255205635081196,-6.12638534835882,8.98979310377914e-10,2.1136778956412e-09,ATTCAGTATACCATGATAAGATTATTAATT,2948,2717,3613,863,728,877,2146,1516,932,247,275,337,1828,1641
PDLIM3|ENST00000284767.12|7|scrambled,13479.2329315275,1.67304205025814,0.242314250377136,6.90443111642929,5.04050080189713e-12,1.34784724501723e-11,GACTAACTCGCACAGACTATGACCAACCCG,6824,6189,6904,8693,9333,8825,7692,7096,10721,16678,15234,15038,11282,10027
EEF1E1|ENST00000379715.10|1|scrambled,296.209239836881,-3.64900973992731,0.319866754323527,-11.4079056063343,3.8181193102581e-30,2.22312177826744e-29,AGATTATATTAAATTATACTCAAAACGAGA,1808,1590,2637,247,217,267,1126,722,440,37,36,27,1434,1264
GRIN2B|ENST00000609686.4|57|scrambled,9147.9689495233,0.602496108472071,0.170021342268843,3.54364987613958,0.0003946289372764,0.0006118408778976,TTTAGCTTCGCGCTAAATTAATGTCTTCAC,4875,4119,7387,6856,7668,8141,9494,9235,10292,8957,8104,8178,17217,14885
GALR1|ENST00000299727.5|18|scrambled,2154.01697283019,-0.998770856710656,0.125657534358211,-7.94835631473932,1.89002383055258e-15,6.009242213572661e-15,CCAGTTACTGAACAAGTCTATTTTTAAGTA,4887,4644,5155,1795,1881,2010,4610,3523,3533,1191,1087,1008,4701,4007
IDS|ENST00000340855.11|18|scrambled,4825.43057941019,-0.920426097173154,0.177793261884845,-5.17694589443613,2.25547590944136e-07,4.56237712673183e-07,GTCTCCACTATTATTAGGATATCCCTCAGG,6354,5758,7228,2339,2232,2290,8450,7497,9308,2513,2381,2745,9969,8413
ASXL2|ENST00000435504.9|28|scrambled,539.945572615694,-2.04607159669577,0.26448477370187,-7.73606574041245,1.02540454884787e-14,3.14985131611976e-14,TTCAGTGAAAAGGTAAATTGTTATATTGTC,2047,1860,2294,403,408,395,1704,1122,780,123,163,196,1492,1396
STK11|ENST00000326873.12|2|scrambled,900.677060456599,0.013317166068142,0.466069955434633,0.0285733201912213,0.977204890796824,0.979026814436502,GGCAGCACACGTACGCCGGTCCGACTGGAC,569,760,745,330,862,1343,624,1453,1385,572,1079,402,61,50
GK|ENST00000427190.6|18|scrambled,1457.84385480213,-0.381252451909784,0.215092852793121,-1.77250172174004,0.076311309750375,0.0926582073074048,ATTAGTTATATGATGCGAGCAGTTCAAAGA,2253,2030,3250,616,518,659,2972,2334,1480,954,857,1091,2924,2520
GCNT1|ENST00000376730.5|17|scrambled,634.15876186083,-5.25587623306498,0.225284907375445,-23.3299083116379,2.20459501501717e-120,2.42242518301473e-118,TCACCTCCTTGTATCGCTGATCATCAGTTC,2030,1824,2105,30,31,27,1852,1554,1586,30,23,21,2033,1751
HIC1|ENST00000619757.5|18|scrambled,9411.94309377054,1.29069539237531,0.282193874210895,4.57378954799961,4.78980965758568e-06,8.7530592415172e-06,CTGCAGGCGTAGGGGTCTGGACTCCGGAGG,5081,4520,4749,9619,8128,7205,6059,5819,9655,10109,8955,11558,9283,8528
SLC33A1|ENST00000643144.2|9|scrambled,1805.3371085079,-0.197008492322797,0.167462682464436,-1.17643220222891,0.239422209885071,0.270805534780763,CAAATTTTAGAGTTAAGCTTTGATGATACT,3349,2984,4172,1263,1150,1313,3403,2553,1956,1176,1299,1374,2972,2596
FECH|ENST00000262093.11|3|scrambled,1965.90903090836,-2.49836750724588,0.125151882271176,-19.9626842354034,1.16294704875952e-88,4.62744744285473e-87,GTAGGGGCCGAGATCGCTAATAAGTCCCCG,5054,4460,5117,796,714,725,5094,4056,4359,455,458,439,4417,3687
SEMA5A|ENST00000382496.10|13|scrambled,1440.15589639813,-3.14715754487441,0.146801330023415,-21.4382086618183,5.88351238269114e-102,3.45425626507313e-100,TCCCAAATTTAAAGACGACCGGATTTAATG,5801,5179,6040,711,608,635,4464,3211,2914,217,236,215,3898,3638
SPRED1|ENST00000299084.9|26|scrambled,3940.15427168172,-0.0199701375790604,0.399473433274975,-0.0499911531421267,0.960129438278171,0.964373056022078,CCGCCGACTACGAGAAGTTCGCGACGTTGG,2543,2176,2410,2638,2252,2197,3401,3494,8491,2691,2975,3288,8453,7829
ZC4H2|ENST00000374839.8|7|scrambled,4093.24925606434,0.335910120244885,0.307006796492781,1.09414555013861,0.273891147677765,0.306664885083349,TAAACGAATCTGAGCTATTTTATTCATTCG,2452,2108,2958,4491,3818,3712,3904,3596,6734,3238,3366,3852,9067,6369
SEMA5A|ENST00000382496.10|31|scrambled,4615.80255643781,1.0023288445417,0.230690177244296,4.34491340946976,1.39330612683163e-05,2.44758396612825e-05,TAAAATCACCTGACTCGACCAGAAGGCAGA,2430,2129,2862,4459,4348,4538,3769,3406,5032,4654,4763,4665,6763,6404
GRN|ENST00000053867.8|1|scrambled,18314.1284179214,2.84450236697515,0.269553903241114,10.5526291134088,4.93952208793455e-26,2.44971660650899e-25,GACAGGCTGCGGAGCAGGAGGGGCTCTCGA,3807,3654,3903,13109,10665,9761,5242,4699,7770,24698,21180,27818,8638,8500
CASK|ENST00000378163.7|29|scrambled,2752.89687015416,-0.999797992749254,0.160196282840707,-6.24108109763953,4.34556857681341e-10,1.04323260862887e-09,CCAAGCGTCAGCCATGTATCTTATGTAAAC,6032,5826,5868,2089,2373,2201,5459,4434,4917,1634,1255,1313,5102,4457
RAD50|ENST00000378823.8|13|scrambled,1164.68192212761,-1.32261634010414,0.124373274377844,-10.6342487702466,2.06486020946658e-26,1.0412981359486802e-25,TACGTGGCCACGATTCTCAATTAGCTAATA,2764,2585,2724,532,538,599,2557,2019,2158,534,494,494,2825,2444
PAX5|ENST00000358127.9|21|scrambled,15618.1673972084,1.82033448535551,0.299550808573814,6.0768805600034,1.22542967100249e-09,2.85766572616761e-09,CACTCTACCGCCCCGGGCCTTCTACGACCA,6214,5558,5714,9702,8316,7823,7476,7026,12624,18443,16425,20915,12670,12174
CACNA1C|ENST00000399655.6|6|scrambled,5709.8359772745,0.664406726132677,0.134278509161116,4.94797514720305,7.49894807294965e-07,1.45237550242105e-06,TCGTCATTCTTGGTTCTGTTGTATTATTAT,6519,5642,7102,7158,7063,7083,6878,5694,5336,6072,4779,5182,6440,5617
COL6A1|ENST00000361866.8|4|scrambled,25968.6590131924,2.16805428326407,0.403381259381728,5.3747025496105,7.67092088598126e-08,1.60171930703273e-07,ACCCCCCCAGACCTGAGATACTAGCCTGGG,6606,6555,6022,12376,10819,9798,8305,7835,20553,30921,31165,35167,21419,22131
EDA|ENST00000374552.9|7|scrambled,9195.67828353026,-0.420237891895432,0.333302753002457,-1.26082934542198,0.20737033854332,0.236899957893596,CCTATCGTAAATACGTCTCAGCTCATGATA,8444,7563,8485,9671,8276,7918,10673,10151,20406,5526,5731,6753,21298,19334
EXT2|ENST00000533608.7|28|scrambled,5547.81210166161,1.16060825733959,0.148065705178195,7.83846776633938,4.56077263769559e-15,1.4265963406027702e-14,TCCACGGATTTTACTTTAAAGATTAGGGAA,4252,3783,4438,7949,7778,7613,5002,4249,4567,6290,5002,6277,6197,5616
FECH|ENST00000262093.11|7|scrambled,258.466375227655,-2.94515456655937,0.263871490301901,-11.1613216084457,6.30472729237513e-29,3.53353854846874e-28,ATTATATCTTTACTCATCTTGTTAGATGTG,694,570,1011,50,70,78,822,653,407,50,43,43,954,817
NSD1|ENST00000439151.7|12|scrambled,3962.91766919402,-0.459064842999057,0.143420184336878,-3.20083846720463,0.0013702832754185,0.0020226624093773,ATCCTAAGGGGCAACGCCTCATTTCGCAGT,6646,5835,6512,2826,3044,2974,6833,5496,6185,2806,2464,2365,6183,5514
KCNE1|ENST00000399286.3|2|scrambled,5402.74811758357,0.526895072958145,0.272413510990361,1.93417378984844,0.0530917638029077,0.0657172442194528,TGAGGCCATTGGCTTCTTCTTTACTTTCCG,3727,3292,4040,5040,4626,4361,5053,4663,7769,4556,4745,5298,8502,7370
SH3TC2|ENST00000515425.6|19|scrambled,4116.22593356068,-0.0592398015875325,0.16847215083231,-0.351629639052315,0.725116034263982,0.75114294606294,ATTGACTCAAGTGCTCAAGATGCGCAGCAC,4311,3762,4818,3489,3631,3727,5720,4978,6126,3191,2994,3039,7894,6754
SPTBN2|ENST00000533211.6|11|scrambled,1441.07906979713,1.3615447589796,0.130389340638046,10.442147742423,1.59168182479151e-25,7.7368397790292e-25,TATTTTCTGCTGCCGCAGGTCGAGAAAACC,467,379,729,1705,1623,1760,1157,1085,1010,1631,1482,1636,2381,2169
GALR1|ENST00000299727.5|55|scrambled,14474.1759875538,1.57310858368735,0.216270232305263,7.27381002424284,3.49487395819776e-13,9.98761760852651e-13,AGAGTCACGGTGTAAGGAACTTTGTGCGTG,6789,5802,7303,8612,9423,9349,9070,8442,11448,17920,16257,15378,11854,10943
SH2B1|ENST00000684370.1|1|scrambled,16835.0698679809,1.5924493776112,0.336402379578401,4.73376371358299,2.20394284755344e-06,4.12705182694615e-06,CGCGTAGTATACATAGATGGACGCTTTGCG,6710,6188,6376,15413,12966,11525,8495,7977,16368,18118,17972,21822,16223,15557
CDKL5|ENST00000623535.2|74|scrambled,1140.1798202414,-1.72522120014008,0.118804150414707,-14.5215566469511,8.84779247406649e-48,9.53825476704719e-47,CAACAAATGAAATCCGGTGTCCCTGCTAAA,3678,3303,3587,1126,1025,1064,2921,2170,2049,410,390,412,2626,2368
SH3TC2|ENST00000515425.6|29|scrambled,1206.24683086387,0.310380298558811,0.189882793889033,1.63458885453411,0.102135265653543,0.12187646475366,TTTTTATGATCTCGGTCAGATTCTAGGTGT,1206,1118,1802,980,760,1138,1915,1502,1007,1033,999,1024,2008,1745
KMT2A|ENST00000534358.8|7|scrambled,3404.14487213355,1.8214031116267,0.143726704964041,12.6726839809094,8.37973213175615e-37,6.19531183592861e-36,CCGCTCAAACTTCTAATCGAAGACCCACAA,2555,2433,2342,3014,3349,3202,2331,1858,1894,4641,3817,3684,2296,2058
SRGAP3|ENST00000383836.8|8|scrambled,2980.03248710756,-0.0794305613221099,0.145772644250305,-0.544893465647232,0.585826790646691,0.618843488408487,GATGCAAACATCTCCCATTAATCACTGCAG,4218,3741,4140,2303,2326,2481,4323,3815,4167,2332,2210,2085,4229,3737
MITF|ENST00000394351.9|19|scrambled,10440.1338089641,1.91994436524428,0.353628791498522,5.42926484325105,5.65866587510695e-08,1.19152322760471e-07,CATCTTGATGTACTGATGTGGCGCACAGTA,3020,2773,3215,6511,5718,5284,4166,4166,8703,11194,12522,14082,10001,9816
OPHN1|ENST00000355520.6|12|scrambled,4126.70453800574,1.02134696146702,0.195917466848622,5.21314907698444,1.85661573791722e-07,3.77276665982941e-07,CAGTGTATATATCAGCCTGAAATCGTGATC,3158,2786,3215,3118,3137,3063,3548,3133,4189,4389,4024,4241,4911,4429
NUS1|ENST00000368494.4|20|scrambled,806.306377784003,-0.29575118423919,0.217443435522083,-1.36012928387141,0.173789015663852,0.200952987121641,GAGAAAAAATGATTAATTACTATGTCTCTC,1823,1654,2185,1444,1229,1422,1647,1198,820,505,505,649,1579,1422
SOX11|ENST00000322002.5|37|scrambled,1435.65648503441,2.40713673727915,0.233113534258895,10.3260273794562,5.3740373382207605e-25,2.55720481525109e-24,TTTTATGGGAGGCTCAAGGTAATATTATCT,786,722,1046,1684,1579,1710,852,630,398,1613,1743,2178,797,786
GRIN2B|ENST00000609686.4|106|scrambled,2252.09336169978,1.65534288938758,0.132471843974919,12.4958092204181,7.869147843107909e-36,5.610046649815681e-35,AAATTCTTAAAAACAGGGCTCGTCTAGGAG,1237,1152,1569,2010,2256,2358,1739,1479,1195,2668,2645,2505,2084,1959
BMPR2|ENST00000374580.10|23|scrambled,1102.21097594321,-0.958171680371749,0.163582429551581,-5.85742419279581,4.7010128422352715e-09,1.05954141534535e-08,CTTGTGAACCTGCTGAAGTAACACTCGTTT,1898,1702,2066,1214,1277,1216,2068,1830,1954,643,557,513,2250,2073
PAX9|ENST00000361487.7|20|scrambled,2076.93907993616,-0.298726962934159,0.169358912467466,-1.76386916154498,0.0777540099487124,0.0942666036193672,TTATTTCAGGTGTTAGAAATAATTATAATA,2930,2678,4314,1760,2077,2335,3958,3011,2411,1503,1510,1243,4799,4257
CNTNAP2|ENST00000361727.8|7|scrambled,312.371534701003,-2.26878494084733,0.254596006925048,-8.91131392141295,5.0431303111347e-19,1.8910949197389e-18,AATATTAACTCATTTGTGTAAGTATCCATC,848,734,1114,306,243,284,936,746,448,80,74,92,879,718
PGAP1|ENST00000354764.9|23|scrambled,3533.10823624796,0.742775244437345,0.130124795540617,5.70817607321807,1.14193256888605e-08,2.51784358938664e-08,TTCTTCCAAACTTTATGCAGCGGATGAATC,4578,4041,5178,5279,5091,5391,4383,3436,2958,3403,3534,3173,3786,3373
GALR1|ENST00000299727.5|47|scrambled,7789.29901451987,1.49292306592238,0.222882301850455,6.69825757149651,2.10919267233962e-11,5.4691060048953394e-11,GCCACTGCGGTCGAGGGCGCTCTAGTCTCG,4111,4047,4107,7348,7412,6850,5275,4645,6364,9665,7131,9561,6431,5863
SOX5|ENST00000451604.7|4|scrambled,1004.84200225508,-0.465708283897772,0.248370886445216,-1.87505182496699,0.0607855941839694,0.0747079591114829,TTTTACTTTTCAATTTAATTATTAGTTTCA,1641,1413,2654,832,743,1054,2113,1731,957,587,613,733,2682,2281
PHOX2B|ENST00000226382.4|6|scrambled,2059.79974036085,0.824238333122397,0.349970582125146,2.35516462017273,0.0185145015218807,0.0242241844797428,CCCCATACGAACGCACCCGCATTGTTTTTA,1167,1144,1082,1260,1139,1010,1474,1395,2947,1932,1781,2320,3115,2827
CYBB|ENST00000378588.5|18|scrambled,1864.20764292638,0.605360800602212,0.201403120158564,3.00571709179885,0.0026495538602615,0.0038109411053624,TAATTTGTTGATGATTCCATCCGTTATATA,2100,1917,3167,3701,3334,3987,2615,2088,1369,1619,1596,1938,2581,2286
TRIP12|ENST00000675903.1|23|scrambled,2072.29287681057,0.829909960602147,0.175288619597244,4.73453417859647,2.19558771873341e-06,4.11269222822491e-06,GTTATGTTACTCATACGTCGGTTCACCTAA,2420,2212,3061,1881,1853,2110,2587,2037,1489,1999,1803,2276,2507,2318
STS|ENST00000674429.1|8|scrambled,6569.77356781586,1.19255973046996,0.184125796606648,6.4768747913018,9.36418341762002e-11,2.34045961587719e-10,GTTGACGTTATGCGCGAACCGTCAGCAGTC,4659,4138,4823,4219,4497,4673,5355,4605,6032,7252,6791,6869,6534,6243
XIAP|ENST00000371199.8|10|scrambled,2523.11439415629,0.283003556507653,0.165572245249257,1.70924514601835,0.0874055494525508,0.105201112028259,GAATATAATAGGCACTCCGGTCTGAGATCT,4210,3859,5192,3911,3452,3855,4011,3031,2297,1976,2064,2300,4042,3581
NUS1|ENST00000368494.4|14|scrambled,3845.9209475271,2.18515218457901,0.184075739751999,11.8709406656358,1.67572759941472e-32,1.06191478614763e-31,TGGCTATACTCGTATAACTTCAAATCTGGT,3625,3374,3849,4466,3857,4032,2537,1802,1369,4273,4856,5299,2258,2275
SEMA3A|ENST00000265362.9|10|scrambled,106.413521822227,-2.26188028678718,0.254038649710602,-8.90368567682079,5.402228829032562e-19,2.02195295891634e-18,TAAACGAAGTCTGATTTCTATTATCTCCGA,289,285,329,47,35,42,299,210,210,22,32,30,288,241
KCNE2|ENST00000290310.4|2|scrambled,2584.42743076111,0.112829680564129,0.136524017109751,0.826445653686168,0.408551334763546,0.444030792782485,GCGAATACCAAACTAATATTGTTGATTAGG,4104,3850,4110,2153,2347,2365,3650,3149,3216,2226,2030,1885,3625,3220
WDR26|ENST00000414423.9|7|scrambled,2314.62964562031,1.68251338450892,0.110936789985186,15.1664148992737,5.9013339567291305e-52,7.37020613136025e-51,CTAATATGACTCTTTGTCCAACAAAAAATA,1416,1094,1616,1898,2127,2094,1707,1399,1350,2768,2726,2577,1843,1663
BUB3|ENST00000368865.9|17|scrambled,24747.2659403238,1.8815450911504,0.165795451585897,11.3485929387851,7.536572690841689e-30,4.34595720357298e-29,AGTTTCGCGGTAGCGCCAAATCTGTTGACA,12624,10929,14207,18552,20455,20397,15825,13421,13429,35452,24785,28967,11979,10705
TLK2|ENST00000346027.10|17|scrambled,8179.74548174737,2.62509507174383,0.173404570654487,15.1385575468734,9.016979034252993e-52,1.1179747193917998e-50,CATTAGACTCGTTTGTCCTTCCTCGTTCAG,3921,3642,4143,3626,3810,4033,3645,2898,2727,11252,12100,8780,4562,5821
TP53|ENST00000269305.9|1|scrambled,10072.0113484035,1.36879248710588,0.129516177124543,10.5685059387574,4.17086194663685e-26,2.07797061293134e-25,TGGAGCTCGCTCTATCTTATCCGGTTTTGC,7357,5916,7594,10598,10380,9205,8250,6779,7633,11562,10409,11269,8931,7198
PAK3|ENST00000372007.10|1|scrambled,1462.1456426953,-2.12970508224515,0.256795933186452,-8.29337542779088,1.10079212886682e-16,3.75939188121982e-16,CCAGGCGACCCTACTTAAGACCGTGGATGA,2596,2309,2367,724,670,710,2863,2559,4015,393,444,406,4395,3828
GRIN2B|ENST00000609686.4|161|scrambled,2464.99414867286,1.21078450997293,0.384628461507597,3.14793269647055,0.0016442954768677,0.0024110831202797,CTCATGATGACCCATTAGTCTCACTAGAAG,888,762,923,1906,1535,1375,1358,1310,3120,2343,2619,2916,3334,3325
CASK|ENST00000378163.7|14|scrambled,13535.6085896396,2.50968326428704,0.213366553873573,11.7623086595574,6.10420034569914e-32,3.79595054727096e-31,AAAATATCTCGGTCCCAAAAACAGTTAGAG,3202,2736,4032,5670,5214,5118,5208,4757,6159,14922,18965,18753,9859,11450
NT5E|ENST00000257770.8|1|scrambled,1108.31774496913,-1.16162908532868,0.123507499498736,-9.40533238907138,5.1866010705568404e-21,2.11796525816772e-20,AAACTCTAGCTCCGTAAGTTGAATATCAGA,2559,2317,2785,408,457,413,2464,2013,1752,550,502,515,2607,2317
FBN2|ENST00000262464.9|10|scrambled,4086.01672062228,0.997044823981736,0.104636038571777,9.52869429682962,1.59273817663533e-21,6.63059615626048e-21,AAATAATGCATGTCAAATTGCAATATTATA,4053,3621,4907,3372,3474,3580,4334,3575,3170,4304,3969,4187,4318,3765
CSNK2A1|ENST00000217244.9|20|scrambled,9767.82837095129,1.4362732253969,0.163895237154007,8.76336158595798,1.89512559175854e-18,6.94125969800979e-18,TTCGCTAATTATATTTCGATTGATTGGTTC,6390,5483,7372,5513,6560,7064,7903,6662,6727,12806,10432,9388,8104,7333
EYA4|ENST00000355286.12|23|scrambled,575.006231077643,-0.694064110089886,0.162562940581672,-4.26951005934336,1.95902814513552e-05,3.39850522802551e-05,ACCGTATAAAGAAAGATTGGATTTATCACA,1667,1580,1711,567,623,615,1229,944,737,334,316,356,1049,957
EBF3|ENST00000440978.2|3|scrambled,250.215565702484,1.64080000951667,0.164101227219566,9.99870651376235,1.54400560979671e-23,6.944256548454811e-23,GGGTCAACGACGCTATGTGAGTTCTAAGGT,218,180,199,123,107,92,201,161,133,295,288,284,231,214
ATM|ENST00000675843.1|23|scrambled,2849.36121379514,0.893409228276677,0.153236637099494,5.83025864563057,5.5341529509353e-09,1.24101385308654e-08,CTCAAAGTATAGGCTAGCAAAAAACGTTAA,2515,2405,2414,1611,1755,1785,2808,2421,2782,3001,2800,2671,3421,3114
EDA|ENST00000374552.9|15|scrambled,4008.17870373638,0.626226467000768,0.220504536402597,2.8399709013578,0.004511764919191,0.006337212200909,GTAATTCACAAACGCTTCGCAGCTTATGGT,2671,2290,2944,4450,4348,4326,3843,3637,5035,3706,3687,3735,6508,5898
SEMA5A|ENST00000382496.10|1|scrambled,3181.608891225,-0.220030208243926,0.154366525728097,-1.42537514014851,0.154048790215362,0.179496289562155,TGCTCAGACCATGAACCTCCGTTTAAATCA,5241,4712,4963,3193,3424,3488,4852,4170,4738,2471,2123,2132,4928,4344
XIAP|ENST00000371199.8|41|scrambled,6947.76009158678,0.326478557826604,0.164583936257272,1.9836599199831,0.0472937644922348,0.0589854646801516,GTACAGGAGGATGTTAAACGACAATGGAGT,7576,7054,7662,4375,4784,4919,8487,7297,8928,6184,5502,6011,10003,8499
TSC1|ENST00000298552.9|23|scrambled,4143.22579683291,0.75778302210428,0.275657540782566,2.74900160522729,0.0059777093475254,0.0082654150144669,GGATTGTTGCCACAATCAGTGCCAAGTTTA,2404,2152,2631,3505,3281,2926,3489,3247,5421,3643,4014,4255,5982,5389
BAG1|ENST00000634734.3|1|scrambled,3999.29149119599,0.766878030778977,0.212044403758144,3.61659170054623,0.0002985075981537,0.0004685133669358,TAGTTACTTTTCTCATAGCTAACATGTAAA,2237,1842,3012,3104,3085,3037,3737,3434,4616,3686,3559,4293,7825,6990
PHF8|ENST00000338154.11|15|scrambled,1169.02426027268,-0.640119703723222,0.182302882081524,-3.51129777222593,0.0004459245976339,0.0006878092602526,AAGGTCGTAGTGTAAAGTGTTAGCATGATA,2238,1956,2850,1006,905,1129,2545,1932,1375,733,681,677,2323,2136
IGF1|ENST00000337514.11|18|scrambled,1389.21420571413,-1.04007097631614,0.186969828948743,-5.56277439073484,2.6551906931058e-08,5.72067259063287e-08,GATTACCGAAAAAGGCTTCTCGATCAGAAT,2549,2324,2721,976,1176,1204,2601,2189,2709,766,701,611,3059,2730
DLG3|ENST00000374360.8|11|scrambled,11164.1012103184,0.867114180454029,0.311826705976101,2.78075663128253,0.0054232376205624,0.0075431560772821,AGATATGCTCACCTGTTGATCCTCGGTTTC,5648,5028,6305,8484,7057,7229,8178,8044,14799,10354,10662,11995,17991,16360
CLCN5|ENST00000376091.8|31|scrambled,28717.2320831083,2.52867684138616,0.274171038729232,9.22299033882805,2.88927864863664e-20,1.14123953430034e-19,CCGCGCCTTTCGTTGGTAATCTCGCGATTT,8227,6529,7610,21834,21146,18310,9599,8887,14998,37477,34739,39873,13681,14040
SMAD4|ENST00000342988.8|40|scrambled,6374.63491936991,0.690355215674635,0.146403272864953,4.71543567411528,2.4119408715128e-06,4.50386900812423e-06,TGCTAAGACCGGAAGCCTTATGTTACATAG,7466,6909,7177,6147,6651,6820,7303,5901,6490,6793,5681,5536,7219,6335
NRXN1|ENST00000401669.7|8|scrambled,225.107503497571,-2.81905727612125,0.232550082641206,-12.1223662623706,8.04036771636918e-34,5.41616896169593e-33,ATATTGTAGATTTTTAAGCATTAACTAGCC,697,637,921,60,52,56,700,524,395,41,40,47,733,718
CLCN5|ENST00000376091.8|4|scrambled,1958.82015403972,0.388287663151589,0.164456136716534,2.36104088849456,0.0182237211898544,0.0238645865614352,ATTATGCAATTATCTTGGATATGTTAACTA,2590,2289,3431,1677,1443,1776,2899,2339,1704,1605,1725,1750,2617,2307
ROBO1|ENST00000464233.6|9|scrambled,2106.86934841234,1.5133369975389,0.117452295149348,12.884694978626,5.48920945076297e-38,4.21437574306334e-37,CTGGATGCCTTGTAAATCTTAATTCGGGTA,1665,1642,1733,942,977,1076,1719,1403,1313,2533,2362,2242,1660,1417
SH3TC2|ENST00000515425.6|43|scrambled,11607.2798908019,1.41887793530674,0.283545218205935,5.00406229484084,5.6134603511296e-07,1.10000678379384e-06,GCTCCGTATGCATAAAGTAGGCGCCTTCAA,5711,5262,5413,10774,10400,9606,6984,6584,11334,13037,11946,13705,11754,10840
KCNAB2|ENST00000378083.8|11|scrambled,1053.20766770258,0.735132637131536,0.350705900062737,2.09615132508472,0.0360687692492931,0.0456993176027487,CTCAGAGGCCGCTCCCGGTACACAATGTTT,620,573,537,824,717,619,742,785,1557,1003,906,1105,1560,1404
USP7|ENST00000344836.9|9|scrambled,8302.91940136155,2.74683015036769,0.12519531081601,21.9403596865101,1.07051772357047e-106,7.12310598622419e-105,ATAATTGGATGAAAATTAATGTGGCTTTTT,2561,2261,3148,6834,7947,8067,3392,2913,2436,11530,11068,10453,4220,4241
FECH|ENST00000262093.11|8|scrambled,994.314142770535,0.548841682195967,0.263210724638718,2.08517978493963,0.0370529841441251,0.0468818498937446,AAAAATGATAAAGATATCAATGTTTATTTT,2090,1809,2790,1535,1317,1555,1611,1037,707,688,986,1027,1702,1593
DMD|ENST00000357033.9|16|scrambled,114.599632480156,-4.20264065749941,0.416138789612623,-10.0991322183918,5.57331707860238e-24,2.54971805387398e-23,ATTATCGCGTGTGTTCTTTTTAAAATATCC,476,446,529,18,20,20,420,309,172,9,11,7,428,364
SETBP1|ENST00000649279.2|32|scrambled,1887.68893979283,-0.19598423279591,0.122098265043058,-1.60513527957827,0.108464036755752,0.128876365895202,AAAATCAAGTGCATGTTTATGCTGTTATAT,3072,2779,3445,1411,1295,1511,3250,2649,2299,1275,1388,1361,3187,2740
GRIN2A|ENST00000330684.4|9|scrambled,1827.80754023462,-2.20530304421227,0.205112469360846,-10.7516771217481,5.81937501371583e-27,2.98751198196633e-26,CGAGCTTTATACTCAATGTCGCGCAACGAT,3724,3248,3696,712,787,877,3941,3476,4577,548,482,460,5241,4480
HMGA1|ENST00000311487.9|3|scrambled,5077.68947161441,1.48343334491181,0.228062796013051,6.50449512522385,7.795474427689089e-11,1.95736681803841e-10,ACATCAGCCCCACTTGTCCCTGCGCCCGGC,1731,1726,2438,4948,4107,4617,3545,3076,4068,5950,4400,6817,4992,4918
IGF1R|ENST00000650285.1|31|scrambled,3693.03225985192,0.936756356673157,0.213573796725061,4.38610153041885,1.15400271554248e-05,2.04067481530374e-05,AAGTGTTGTCTAGGGCGACTATCTATAAAG,2246,1898,2593,5480,5136,4811,3170,2954,3960,3568,3428,4115,4870,4357
